episode,step,state_row,state_col,action,next_row,next_col,reward,cell_cost,terminated,truncated
0,0,0,0,1,0,1,-1.0,1.0,False,False
0,1,0,1,1,0,2,-1.0,1.0,False,False
0,2,0,2,1,0,3,-1.0,1.0,False,False
0,3,0,3,1,0,4,-1.0,1.0,False,False
0,4,0,4,2,1,4,-2.0,2.0,False,False
0,5,1,4,2,2,4,-3.0,3.0,False,False
0,6,2,4,2,3,4,-4.0,4.0,False,False
0,7,3,4,2,4,4,-5.0,5.0,True,False
1,0,0,0,1,0,1,-1.0,1.0,False,False
1,1,0,1,1,0,2,-1.0,1.0,False,False
1,2,0,2,1,0,3,-1.0,1.0,False,False
1,3,0,3,1,0,4,-1.0,1.0,False,False
1,4,0,4,2,1,4,-2.0,2.0,False,False
1,5,1,4,2,2,4,-3.0,3.0,False,False
1,6,2,4,2,3,4,-4.0,4.0,False,False
1,7,3,4,2,4,4,-5.0,5.0,True,False
2,0,0,0,1,0,1,-1.0,1.0,False,False
2,1,0,1,1,0,2,-1.0,1.0,False,False
2,2,0,2,1,0,3,-1.0,1.0,False,False
2,3,0,3,1,0,4,-1.0,1.0,False,False
2,4,0,4,2,1,4,-2.0,2.0,False,False
2,5,1,4,2,2,4,-3.0,3.0,False,False
2,6,2,4,2,3,4,-4.0,4.0,False,False
2,7,3,4,2,4,4,-5.0,5.0,True,False
3,0,0,0,1,0,1,-1.0,1.0,False,False
3,1,0,1,1,0,2,-1.0,1.0,False,False
3,2,0,2,1,0,3,-1.0,1.0,False,False
3,3,0,3,1,0,4,-1.0,1.0,False,False
3,4,0,4,2,1,4,-2.0,2.0,False,False
3,5,1,4,2,2,4,-3.0,3.0,False,False
3,6,2,4,2,3,4,-4.0,4.0,False,False
3,7,3,4,2,4,4,-5.0,5.0,True,False
4,0,0,0,1,0,1,-1.0,1.0,False,False
4,1,0,1,1,0,2,-1.0,1.0,False,False
4,2,0,2,1,0,3,-1.0,1.0,False,False
4,3,0,3,1,0,4,-1.0,1.0,False,False
4,4,0,4,2,1,4,-2.0,2.0,False,False
4,5,1,4,2,2,4,-3.0,3.0,False,False
4,6,2,4,2,3,4,-4.0,4.0,False,False
4,7,3,4,2,4,4,-5.0,5.0,True,False
5,0,0,0,1,0,1,-1.0,1.0,False,False
5,1,0,1,1,0,2,-1.0,1.0,False,False
5,2,0,2,1,0,3,-1.0,1.0,False,False
5,3,0,3,1,0,4,-1.0,1.0,False,False
5,4,0,4,2,1,4,-2.0,2.0,False,False
5,5,1,4,2,2,4,-3.0,3.0,False,False
5,6,2,4,2,3,4,-4.0,4.0,False,False
5,7,3,4,2,4,4,-5.0,5.0,True,False
6,0,0,0,1,0,1,-1.0,1.0,False,False
6,1,0,1,1,0,2,-1.0,1.0,False,False
6,2,0,2,1,0,3,-1.0,1.0,False,False
6,3,0,3,1,0,4,-1.0,1.0,False,False
6,4,0,4,2,1,4,-2.0,2.0,False,False
6,5,1,4,2,2,4,-3.0,3.0,False,False
6,6,2,4,2,3,4,-4.0,4.0,False,False
6,7,3,4,2,4,4,-5.0,5.0,True,False
7,0,0,0,1,0,1,-1.0,1.0,False,False
7,1,0,1,1,0,2,-1.0,1.0,False,False
7,2,0,2,1,0,3,-1.0,1.0,False,False
7,3,0,3,1,0,4,-1.0,1.0,False,False
7,4,0,4,2,1,4,-2.0,2.0,False,False
7,5,1,4,2,2,4,-3.0,3.0,False,False
7,6,2,4,2,3,4,-4.0,4.0,False,False
7,7,3,4,2,4,4,-5.0,5.0,True,False
8,0,0,0,1,0,1,-1.0,1.0,False,False
8,1,0,1,1,0,2,-1.0,1.0,False,False
8,2,0,2,1,0,3,-1.0,1.0,False,False
8,3,0,3,1,0,4,-1.0,1.0,False,False
8,4,0,4,2,1,4,-2.0,2.0,False,False
8,5,1,4,2,2,4,-3.0,3.0,False,False
8,6,2,4,2,3,4,-4.0,4.0,False,False
8,7,3,4,2,4,4,-5.0,5.0,True,False
9,0,0,0,1,0,1,-1.0,1.0,False,False
9,1,0,1,1,0,2,-1.0,1.0,False,False
9,2,0,2,1,0,3,-1.0,1.0,False,False
9,3,0,3,1,0,4,-1.0,1.0,False,False
9,4,0,4,2,1,4,-2.0,2.0,False,False
9,5,1,4,2,2,4,-3.0,3.0,False,False
9,6,2,4,2,3,4,-4.0,4.0,False,False
9,7,3,4,2,4,4,-5.0,5.0,True,False
10,0,0,0,1,0,1,-1.0,1.0,False,False
10,1,0,1,1,0,2,-1.0,1.0,False,False
10,2,0,2,1,0,3,-1.0,1.0,False,False
10,3,0,3,1,0,4,-1.0,1.0,False,False
10,4,0,4,2,1,4,-2.0,2.0,False,False
10,5,1,4,2,2,4,-3.0,3.0,False,False
10,6,2,4,2,3,4,-4.0,4.0,False,False
10,7,3,4,2,4,4,-5.0,5.0,True,False
11,0,0,0,1,0,1,-1.0,1.0,False,False
11,1,0,1,1,0,2,-1.0,1.0,False,False
11,2,0,2,1,0,3,-1.0,1.0,False,False
11,3,0,3,1,0,4,-1.0,1.0,False,False
11,4,0,4,2,1,4,-2.0,2.0,False,False
11,5,1,4,2,2,4,-3.0,3.0,False,False
11,6,2,4,2,3,4,-4.0,4.0,False,False
11,7,3,4,2,4,4,-5.0,5.0,True,False
12,0,0,0,1,0,1,-1.0,1.0,False,False
12,1,0,1,1,0,2,-1.0,1.0,False,False
12,2,0,2,1,0,3,-1.0,1.0,False,False
12,3,0,3,1,0,4,-1.0,1.0,False,False
12,4,0,4,2,1,4,-2.0,2.0,False,False
12,5,1,4,2,2,4,-3.0,3.0,False,False
12,6,2,4,2,3,4,-4.0,4.0,False,False
12,7,3,4,2,4,4,-5.0,5.0,True,False
13,0,0,0,1,0,1,-1.0,1.0,False,False
13,1,0,1,1,0,2,-1.0,1.0,False,False
13,2,0,2,1,0,3,-1.0,1.0,False,False
13,3,0,3,1,0,4,-1.0,1.0,False,False
13,4,0,4,2,1,4,-2.0,2.0,False,False
13,5,1,4,2,2,4,-3.0,3.0,False,False
13,6,2,4,2,3,4,-4.0,4.0,False,False
13,7,3,4,2,4,4,-5.0,5.0,True,False
14,0,0,0,1,0,1,-1.0,1.0,False,False
14,1,0,1,1,0,2,-1.0,1.0,False,False
14,2,0,2,1,0,3,-1.0,1.0,False,False
14,3,0,3,1,0,4,-1.0,1.0,False,False
14,4,0,4,2,1,4,-2.0,2.0,False,False
14,5,1,4,2,2,4,-3.0,3.0,False,False
14,6,2,4,2,3,4,-4.0,4.0,False,False
14,7,3,4,2,4,4,-5.0,5.0,True,False
15,0,0,0,1,0,1,-1.0,1.0,False,False
15,1,0,1,1,0,2,-1.0,1.0,False,False
15,2,0,2,1,0,3,-1.0,1.0,False,False
15,3,0,3,1,0,4,-1.0,1.0,False,False
15,4,0,4,2,1,4,-2.0,2.0,False,False
15,5,1,4,2,2,4,-3.0,3.0,False,False
15,6,2,4,2,3,4,-4.0,4.0,False,False
15,7,3,4,2,4,4,-5.0,5.0,True,False
16,0,0,0,1,0,1,-1.0,1.0,False,False
16,1,0,1,1,0,2,-1.0,1.0,False,False
16,2,0,2,1,0,3,-1.0,1.0,False,False
16,3,0,3,1,0,4,-1.0,1.0,False,False
16,4,0,4,2,1,4,-2.0,2.0,False,False
16,5,1,4,2,2,4,-3.0,3.0,False,False
16,6,2,4,2,3,4,-4.0,4.0,False,False
16,7,3,4,2,4,4,-5.0,5.0,True,False
17,0,0,0,1,0,1,-1.0,1.0,False,False
17,1,0,1,1,0,2,-1.0,1.0,False,False
17,2,0,2,1,0,3,-1.0,1.0,False,False
17,3,0,3,1,0,4,-1.0,1.0,False,False
17,4,0,4,2,1,4,-2.0,2.0,False,False
17,5,1,4,2,2,4,-3.0,3.0,False,False
17,6,2,4,2,3,4,-4.0,4.0,False,False
17,7,3,4,2,4,4,-5.0,5.0,True,False
18,0,0,0,1,0,1,-1.0,1.0,False,False
18,1,0,1,1,0,2,-1.0,1.0,False,False
18,2,0,2,1,0,3,-1.0,1.0,False,False
18,3,0,3,1,0,4,-1.0,1.0,False,False
18,4,0,4,2,1,4,-2.0,2.0,False,False
18,5,1,4,2,2,4,-3.0,3.0,False,False
18,6,2,4,2,3,4,-4.0,4.0,False,False
18,7,3,4,2,4,4,-5.0,5.0,True,False
19,0,0,0,1,0,1,-1.0,1.0,False,False
19,1,0,1,1,0,2,-1.0,1.0,False,False
19,2,0,2,1,0,3,-1.0,1.0,False,False
19,3,0,3,1,0,4,-1.0,1.0,False,False
19,4,0,4,2,1,4,-2.0,2.0,False,False
19,5,1,4,2,2,4,-3.0,3.0,False,False
19,6,2,4,2,3,4,-4.0,4.0,False,False
19,7,3,4,2,4,4,-5.0,5.0,True,False
20,0,0,0,1,0,1,-1.0,1.0,False,False
20,1,0,1,1,0,2,-1.0,1.0,False,False
20,2,0,2,1,0,3,-1.0,1.0,False,False
20,3,0,3,1,0,4,-1.0,1.0,False,False
20,4,0,4,2,1,4,-2.0,2.0,False,False
20,5,1,4,2,2,4,-3.0,3.0,False,False
20,6,2,4,2,3,4,-4.0,4.0,False,False
20,7,3,4,2,4,4,-5.0,5.0,True,False
21,0,0,0,1,0,1,-1.0,1.0,False,False
21,1,0,1,1,0,2,-1.0,1.0,False,False
21,2,0,2,1,0,3,-1.0,1.0,False,False
21,3,0,3,1,0,4,-1.0,1.0,False,False
21,4,0,4,2,1,4,-2.0,2.0,False,False
21,5,1,4,2,2,4,-3.0,3.0,False,False
21,6,2,4,2,3,4,-4.0,4.0,False,False
21,7,3,4,2,4,4,-5.0,5.0,True,False
22,0,0,0,1,0,1,-1.0,1.0,False,False
22,1,0,1,1,0,2,-1.0,1.0,False,False
22,2,0,2,1,0,3,-1.0,1.0,False,False
22,3,0,3,1,0,4,-1.0,1.0,False,False
22,4,0,4,2,1,4,-2.0,2.0,False,False
22,5,1,4,2,2,4,-3.0,3.0,False,False
22,6,2,4,2,3,4,-4.0,4.0,False,False
22,7,3,4,2,4,4,-5.0,5.0,True,False
23,0,0,0,1,0,1,-1.0,1.0,False,False
23,1,0,1,1,0,2,-1.0,1.0,False,False
23,2,0,2,1,0,3,-1.0,1.0,False,False
23,3,0,3,1,0,4,-1.0,1.0,False,False
23,4,0,4,2,1,4,-2.0,2.0,False,False
23,5,1,4,2,2,4,-3.0,3.0,False,False
23,6,2,4,2,3,4,-4.0,4.0,False,False
23,7,3,4,2,4,4,-5.0,5.0,True,False
24,0,0,0,1,0,1,-1.0,1.0,False,False
24,1,0,1,1,0,2,-1.0,1.0,False,False
24,2,0,2,1,0,3,-1.0,1.0,False,False
24,3,0,3,1,0,4,-1.0,1.0,False,False
24,4,0,4,2,1,4,-2.0,2.0,False,False
24,5,1,4,2,2,4,-3.0,3.0,False,False
24,6,2,4,2,3,4,-4.0,4.0,False,False
24,7,3,4,2,4,4,-5.0,5.0,True,False
25,0,0,0,1,0,1,-1.0,1.0,False,False
25,1,0,1,1,0,2,-1.0,1.0,False,False
25,2,0,2,1,0,3,-1.0,1.0,False,False
25,3,0,3,1,0,4,-1.0,1.0,False,False
25,4,0,4,2,1,4,-2.0,2.0,False,False
25,5,1,4,2,2,4,-3.0,3.0,False,False
25,6,2,4,2,3,4,-4.0,4.0,False,False
25,7,3,4,2,4,4,-5.0,5.0,True,False
26,0,0,0,1,0,1,-1.0,1.0,False,False
26,1,0,1,1,0,2,-1.0,1.0,False,False
26,2,0,2,1,0,3,-1.0,1.0,False,False
26,3,0,3,1,0,4,-1.0,1.0,False,False
26,4,0,4,2,1,4,-2.0,2.0,False,False
26,5,1,4,2,2,4,-3.0,3.0,False,False
26,6,2,4,2,3,4,-4.0,4.0,False,False
26,7,3,4,2,4,4,-5.0,5.0,True,False
27,0,0,0,1,0,1,-1.0,1.0,False,False
27,1,0,1,1,0,2,-1.0,1.0,False,False
27,2,0,2,1,0,3,-1.0,1.0,False,False
27,3,0,3,1,0,4,-1.0,1.0,False,False
27,4,0,4,2,1,4,-2.0,2.0,False,False
27,5,1,4,2,2,4,-3.0,3.0,False,False
27,6,2,4,2,3,4,-4.0,4.0,False,False
27,7,3,4,2,4,4,-5.0,5.0,True,False
28,0,0,0,1,0,1,-1.0,1.0,False,False
28,1,0,1,1,0,2,-1.0,1.0,False,False
28,2,0,2,1,0,3,-1.0,1.0,False,False
28,3,0,3,1,0,4,-1.0,1.0,False,False
28,4,0,4,2,1,4,-2.0,2.0,False,False
28,5,1,4,2,2,4,-3.0,3.0,False,False
28,6,2,4,2,3,4,-4.0,4.0,False,False
28,7,3,4,2,4,4,-5.0,5.0,True,False
29,0,0,0,1,0,1,-1.0,1.0,False,False
29,1,0,1,1,0,2,-1.0,1.0,False,False
29,2,0,2,1,0,3,-1.0,1.0,False,False
29,3,0,3,1,0,4,-1.0,1.0,False,False
29,4,0,4,2,1,4,-2.0,2.0,False,False
29,5,1,4,2,2,4,-3.0,3.0,False,False
29,6,2,4,2,3,4,-4.0,4.0,False,False
29,7,3,4,2,4,4,-5.0,5.0,True,False
30,0,0,0,1,0,1,-1.0,1.0,False,False
30,1,0,1,1,0,2,-1.0,1.0,False,False
30,2,0,2,1,0,3,-1.0,1.0,False,False
30,3,0,3,1,0,4,-1.0,1.0,False,False
30,4,0,4,2,1,4,-2.0,2.0,False,False
30,5,1,4,2,2,4,-3.0,3.0,False,False
30,6,2,4,2,3,4,-4.0,4.0,False,False
30,7,3,4,2,4,4,-5.0,5.0,True,False
31,0,0,0,1,0,1,-1.0,1.0,False,False
31,1,0,1,1,0,2,-1.0,1.0,False,False
31,2,0,2,1,0,3,-1.0,1.0,False,False
31,3,0,3,1,0,4,-1.0,1.0,False,False
31,4,0,4,2,1,4,-2.0,2.0,False,False
31,5,1,4,2,2,4,-3.0,3.0,False,False
31,6,2,4,2,3,4,-4.0,4.0,False,False
31,7,3,4,2,4,4,-5.0,5.0,True,False
32,0,0,0,1,0,1,-1.0,1.0,False,False
32,1,0,1,1,0,2,-1.0,1.0,False,False
32,2,0,2,1,0,3,-1.0,1.0,False,False
32,3,0,3,1,0,4,-1.0,1.0,False,False
32,4,0,4,2,1,4,-2.0,2.0,False,False
32,5,1,4,2,2,4,-3.0,3.0,False,False
32,6,2,4,2,3,4,-4.0,4.0,False,False
32,7,3,4,2,4,4,-5.0,5.0,True,False
33,0,0,0,1,0,1,-1.0,1.0,False,False
33,1,0,1,1,0,2,-1.0,1.0,False,False
33,2,0,2,1,0,3,-1.0,1.0,False,False
33,3,0,3,1,0,4,-1.0,1.0,False,False
33,4,0,4,2,1,4,-2.0,2.0,False,False
33,5,1,4,2,2,4,-3.0,3.0,False,False
33,6,2,4,2,3,4,-4.0,4.0,False,False
33,7,3,4,2,4,4,-5.0,5.0,True,False
34,0,0,0,1,0,1,-1.0,1.0,False,False
34,1,0,1,1,0,2,-1.0,1.0,False,False
34,2,0,2,1,0,3,-1.0,1.0,False,False
34,3,0,3,1,0,4,-1.0,1.0,False,False
34,4,0,4,2,1,4,-2.0,2.0,False,False
34,5,1,4,2,2,4,-3.0,3.0,False,False
34,6,2,4,2,3,4,-4.0,4.0,False,False
34,7,3,4,2,4,4,-5.0,5.0,True,False
35,0,0,0,1,0,1,-1.0,1.0,False,False
35,1,0,1,1,0,2,-1.0,1.0,False,False
35,2,0,2,1,0,3,-1.0,1.0,False,False
35,3,0,3,1,0,4,-1.0,1.0,False,False
35,4,0,4,2,1,4,-2.0,2.0,False,False
35,5,1,4,2,2,4,-3.0,3.0,False,False
35,6,2,4,2,3,4,-4.0,4.0,False,False
35,7,3,4,2,4,4,-5.0,5.0,True,False
36,0,0,0,1,0,1,-1.0,1.0,False,False
36,1,0,1,1,0,2,-1.0,1.0,False,False
36,2,0,2,1,0,3,-1.0,1.0,False,False
36,3,0,3,1,0,4,-1.0,1.0,False,False
36,4,0,4,2,1,4,-2.0,2.0,False,False
36,5,1,4,2,2,4,-3.0,3.0,False,False
36,6,2,4,2,3,4,-4.0,4.0,False,False
36,7,3,4,2,4,4,-5.0,5.0,True,False
37,0,0,0,1,0,1,-1.0,1.0,False,False
37,1,0,1,1,0,2,-1.0,1.0,False,False
37,2,0,2,1,0,3,-1.0,1.0,False,False
37,3,0,3,1,0,4,-1.0,1.0,False,False
37,4,0,4,2,1,4,-2.0,2.0,False,False
37,5,1,4,2,2,4,-3.0,3.0,False,False
37,6,2,4,2,3,4,-4.0,4.0,False,False
37,7,3,4,2,4,4,-5.0,5.0,True,False
38,0,0,0,1,0,1,-1.0,1.0,False,False
38,1,0,1,1,0,2,-1.0,1.0,False,False
38,2,0,2,1,0,3,-1.0,1.0,False,False
38,3,0,3,1,0,4,-1.0,1.0,False,False
38,4,0,4,2,1,4,-2.0,2.0,False,False
38,5,1,4,2,2,4,-3.0,3.0,False,False
38,6,2,4,2,3,4,-4.0,4.0,False,False
38,7,3,4,2,4,4,-5.0,5.0,True,False
39,0,0,0,1,0,1,-1.0,1.0,False,False
39,1,0,1,1,0,2,-1.0,1.0,False,False
39,2,0,2,1,0,3,-1.0,1.0,False,False
39,3,0,3,1,0,4,-1.0,1.0,False,False
39,4,0,4,2,1,4,-2.0,2.0,False,False
39,5,1,4,2,2,4,-3.0,3.0,False,False
39,6,2,4,2,3,4,-4.0,4.0,False,False
39,7,3,4,2,4,4,-5.0,5.0,True,False
40,0,0,0,1,0,1,-1.0,1.0,False,False
40,1,0,1,1,0,2,-1.0,1.0,False,False
40,2,0,2,1,0,3,-1.0,1.0,False,False
40,3,0,3,1,0,4,-1.0,1.0,False,False
40,4,0,4,2,1,4,-2.0,2.0,False,False
40,5,1,4,2,2,4,-3.0,3.0,False,False
40,6,2,4,2,3,4,-4.0,4.0,False,False
40,7,3,4,2,4,4,-5.0,5.0,True,False
41,0,0,0,1,0,1,-1.0,1.0,False,False
41,1,0,1,1,0,2,-1.0,1.0,False,False
41,2,0,2,1,0,3,-1.0,1.0,False,False
41,3,0,3,1,0,4,-1.0,1.0,False,False
41,4,0,4,2,1,4,-2.0,2.0,False,False
41,5,1,4,2,2,4,-3.0,3.0,False,False
41,6,2,4,2,3,4,-4.0,4.0,False,False
41,7,3,4,2,4,4,-5.0,5.0,True,False
42,0,0,0,1,0,1,-1.0,1.0,False,False
42,1,0,1,1,0,2,-1.0,1.0,False,False
42,2,0,2,1,0,3,-1.0,1.0,False,False
42,3,0,3,1,0,4,-1.0,1.0,False,False
42,4,0,4,2,1,4,-2.0,2.0,False,False
42,5,1,4,2,2,4,-3.0,3.0,False,False
42,6,2,4,2,3,4,-4.0,4.0,False,False
42,7,3,4,2,4,4,-5.0,5.0,True,False
43,0,0,0,1,0,1,-1.0,1.0,False,False
43,1,0,1,1,0,2,-1.0,1.0,False,False
43,2,0,2,1,0,3,-1.0,1.0,False,False
43,3,0,3,1,0,4,-1.0,1.0,False,False
43,4,0,4,2,1,4,-2.0,2.0,False,False
43,5,1,4,2,2,4,-3.0,3.0,False,False
43,6,2,4,2,3,4,-4.0,4.0,False,False
43,7,3,4,2,4,4,-5.0,5.0,True,False
44,0,0,0,1,0,1,-1.0,1.0,False,False
44,1,0,1,1,0,2,-1.0,1.0,False,False
44,2,0,2,1,0,3,-1.0,1.0,False,False
44,3,0,3,1,0,4,-1.0,1.0,False,False
44,4,0,4,2,1,4,-2.0,2.0,False,False
44,5,1,4,2,2,4,-3.0,3.0,False,False
44,6,2,4,2,3,4,-4.0,4.0,False,False
44,7,3,4,2,4,4,-5.0,5.0,True,False
45,0,0,0,1,0,1,-1.0,1.0,False,False
45,1,0,1,1,0,2,-1.0,1.0,False,False
45,2,0,2,1,0,3,-1.0,1.0,False,False
45,3,0,3,1,0,4,-1.0,1.0,False,False
45,4,0,4,2,1,4,-2.0,2.0,False,False
45,5,1,4,2,2,4,-3.0,3.0,False,False
45,6,2,4,2,3,4,-4.0,4.0,False,False
45,7,3,4,2,4,4,-5.0,5.0,True,False
46,0,0,0,1,0,1,-1.0,1.0,False,False
46,1,0,1,1,0,2,-1.0,1.0,False,False
46,2,0,2,1,0,3,-1.0,1.0,False,False
46,3,0,3,1,0,4,-1.0,1.0,False,False
46,4,0,4,2,1,4,-2.0,2.0,False,False
46,5,1,4,2,2,4,-3.0,3.0,False,False
46,6,2,4,2,3,4,-4.0,4.0,False,False
46,7,3,4,2,4,4,-5.0,5.0,True,False
47,0,0,0,1,0,1,-1.0,1.0,False,False
47,1,0,1,1,0,2,-1.0,1.0,False,False
47,2,0,2,1,0,3,-1.0,1.0,False,False
47,3,0,3,1,0,4,-1.0,1.0,False,False
47,4,0,4,2,1,4,-2.0,2.0,False,False
47,5,1,4,2,2,4,-3.0,3.0,False,False
47,6,2,4,2,3,4,-4.0,4.0,False,False
47,7,3,4,2,4,4,-5.0,5.0,True,False
48,0,0,0,1,0,1,-1.0,1.0,False,False
48,1,0,1,1,0,2,-1.0,1.0,False,False
48,2,0,2,1,0,3,-1.0,1.0,False,False
48,3,0,3,1,0,4,-1.0,1.0,False,False
48,4,0,4,2,1,4,-2.0,2.0,False,False
48,5,1,4,2,2,4,-3.0,3.0,False,False
48,6,2,4,2,3,4,-4.0,4.0,False,False
48,7,3,4,2,4,4,-5.0,5.0,True,False
49,0,0,0,1,0,1,-1.0,1.0,False,False
49,1,0,1,1,0,2,-1.0,1.0,False,False
49,2,0,2,1,0,3,-1.0,1.0,False,False
49,3,0,3,1,0,4,-1.0,1.0,False,False
49,4,0,4,2,1,4,-2.0,2.0,False,False
49,5,1,4,2,2,4,-3.0,3.0,False,False
49,6,2,4,2,3,4,-4.0,4.0,False,False
49,7,3,4,2,4,4,-5.0,5.0,True,False
50,0,0,0,1,0,1,-1.0,1.0,False,False
50,1,0,1,1,0,2,-1.0,1.0,False,False
50,2,0,2,1,0,3,-1.0,1.0,False,False
50,3,0,3,1,0,4,-1.0,1.0,False,False
50,4,0,4,2,1,4,-2.0,2.0,False,False
50,5,1,4,2,2,4,-3.0,3.0,False,False
50,6,2,4,2,3,4,-4.0,4.0,False,False
50,7,3,4,2,4,4,-5.0,5.0,True,False
51,0,0,0,1,0,1,-1.0,1.0,False,False
51,1,0,1,1,0,2,-1.0,1.0,False,False
51,2,0,2,1,0,3,-1.0,1.0,False,False
51,3,0,3,1,0,4,-1.0,1.0,False,False
51,4,0,4,2,1,4,-2.0,2.0,False,False
51,5,1,4,2,2,4,-3.0,3.0,False,False
51,6,2,4,2,3,4,-4.0,4.0,False,False
51,7,3,4,2,4,4,-5.0,5.0,True,False
52,0,0,0,1,0,1,-1.0,1.0,False,False
52,1,0,1,1,0,2,-1.0,1.0,False,False
52,2,0,2,1,0,3,-1.0,1.0,False,False
52,3,0,3,1,0,4,-1.0,1.0,False,False
52,4,0,4,2,1,4,-2.0,2.0,False,False
52,5,1,4,2,2,4,-3.0,3.0,False,False
52,6,2,4,2,3,4,-4.0,4.0,False,False
52,7,3,4,2,4,4,-5.0,5.0,True,False
53,0,0,0,1,0,1,-1.0,1.0,False,False
53,1,0,1,1,0,2,-1.0,1.0,False,False
53,2,0,2,1,0,3,-1.0,1.0,False,False
53,3,0,3,1,0,4,-1.0,1.0,False,False
53,4,0,4,2,1,4,-2.0,2.0,False,False
53,5,1,4,2,2,4,-3.0,3.0,False,False
53,6,2,4,2,3,4,-4.0,4.0,False,False
53,7,3,4,2,4,4,-5.0,5.0,True,False
54,0,0,0,1,0,1,-1.0,1.0,False,False
54,1,0,1,1,0,2,-1.0,1.0,False,False
54,2,0,2,1,0,3,-1.0,1.0,False,False
54,3,0,3,1,0,4,-1.0,1.0,False,False
54,4,0,4,2,1,4,-2.0,2.0,False,False
54,5,1,4,2,2,4,-3.0,3.0,False,False
54,6,2,4,2,3,4,-4.0,4.0,False,False
54,7,3,4,2,4,4,-5.0,5.0,True,False
55,0,0,0,1,0,1,-1.0,1.0,False,False
55,1,0,1,1,0,2,-1.0,1.0,False,False
55,2,0,2,1,0,3,-1.0,1.0,False,False
55,3,0,3,1,0,4,-1.0,1.0,False,False
55,4,0,4,2,1,4,-2.0,2.0,False,False
55,5,1,4,2,2,4,-3.0,3.0,False,False
55,6,2,4,2,3,4,-4.0,4.0,False,False
55,7,3,4,2,4,4,-5.0,5.0,True,False
56,0,0,0,1,0,1,-1.0,1.0,False,False
56,1,0,1,1,0,2,-1.0,1.0,False,False
56,2,0,2,1,0,3,-1.0,1.0,False,False
56,3,0,3,1,0,4,-1.0,1.0,False,False
56,4,0,4,2,1,4,-2.0,2.0,False,False
56,5,1,4,2,2,4,-3.0,3.0,False,False
56,6,2,4,2,3,4,-4.0,4.0,False,False
56,7,3,4,2,4,4,-5.0,5.0,True,False
57,0,0,0,1,0,1,-1.0,1.0,False,False
57,1,0,1,1,0,2,-1.0,1.0,False,False
57,2,0,2,1,0,3,-1.0,1.0,False,False
57,3,0,3,1,0,4,-1.0,1.0,False,False
57,4,0,4,2,1,4,-2.0,2.0,False,False
57,5,1,4,2,2,4,-3.0,3.0,False,False
57,6,2,4,2,3,4,-4.0,4.0,False,False
57,7,3,4,2,4,4,-5.0,5.0,True,False
58,0,0,0,1,0,1,-1.0,1.0,False,False
58,1,0,1,1,0,2,-1.0,1.0,False,False
58,2,0,2,1,0,3,-1.0,1.0,False,False
58,3,0,3,1,0,4,-1.0,1.0,False,False
58,4,0,4,2,1,4,-2.0,2.0,False,False
58,5,1,4,2,2,4,-3.0,3.0,False,False
58,6,2,4,2,3,4,-4.0,4.0,False,False
58,7,3,4,2,4,4,-5.0,5.0,True,False
59,0,0,0,1,0,1,-1.0,1.0,False,False
59,1,0,1,1,0,2,-1.0,1.0,False,False
59,2,0,2,1,0,3,-1.0,1.0,False,False
59,3,0,3,1,0,4,-1.0,1.0,False,False
59,4,0,4,2,1,4,-2.0,2.0,False,False
59,5,1,4,2,2,4,-3.0,3.0,False,False
59,6,2,4,2,3,4,-4.0,4.0,False,False
59,7,3,4,2,4,4,-5.0,5.0,True,False
60,0,0,0,1,0,1,-1.0,1.0,False,False
60,1,0,1,1,0,2,-1.0,1.0,False,False
60,2,0,2,1,0,3,-1.0,1.0,False,False
60,3,0,3,1,0,4,-1.0,1.0,False,False
60,4,0,4,2,1,4,-2.0,2.0,False,False
60,5,1,4,2,2,4,-3.0,3.0,False,False
60,6,2,4,2,3,4,-4.0,4.0,False,False
60,7,3,4,2,4,4,-5.0,5.0,True,False
61,0,0,0,1,0,1,-1.0,1.0,False,False
61,1,0,1,1,0,2,-1.0,1.0,False,False
61,2,0,2,1,0,3,-1.0,1.0,False,False
61,3,0,3,1,0,4,-1.0,1.0,False,False
61,4,0,4,2,1,4,-2.0,2.0,False,False
61,5,1,4,2,2,4,-3.0,3.0,False,False
61,6,2,4,2,3,4,-4.0,4.0,False,False
61,7,3,4,2,4,4,-5.0,5.0,True,False
62,0,0,0,1,0,1,-1.0,1.0,False,False
62,1,0,1,1,0,2,-1.0,1.0,False,False
62,2,0,2,1,0,3,-1.0,1.0,False,False
62,3,0,3,1,0,4,-1.0,1.0,False,False
62,4,0,4,2,1,4,-2.0,2.0,False,False
62,5,1,4,2,2,4,-3.0,3.0,False,False
62,6,2,4,2,3,4,-4.0,4.0,False,False
62,7,3,4,2,4,4,-5.0,5.0,True,False
63,0,0,0,1,0,1,-1.0,1.0,False,False
63,1,0,1,1,0,2,-1.0,1.0,False,False
63,2,0,2,1,0,3,-1.0,1.0,False,False
63,3,0,3,1,0,4,-1.0,1.0,False,False
63,4,0,4,2,1,4,-2.0,2.0,False,False
63,5,1,4,2,2,4,-3.0,3.0,False,False
63,6,2,4,2,3,4,-4.0,4.0,False,False
63,7,3,4,2,4,4,-5.0,5.0,True,False
64,0,0,0,1,0,1,-1.0,1.0,False,False
64,1,0,1,1,0,2,-1.0,1.0,False,False
64,2,0,2,1,0,3,-1.0,1.0,False,False
64,3,0,3,1,0,4,-1.0,1.0,False,False
64,4,0,4,2,1,4,-2.0,2.0,False,False
64,5,1,4,2,2,4,-3.0,3.0,False,False
64,6,2,4,2,3,4,-4.0,4.0,False,False
64,7,3,4,2,4,4,-5.0,5.0,True,False
65,0,0,0,1,0,1,-1.0,1.0,False,False
65,1,0,1,1,0,2,-1.0,1.0,False,False
65,2,0,2,1,0,3,-1.0,1.0,False,False
65,3,0,3,1,0,4,-1.0,1.0,False,False
65,4,0,4,2,1,4,-2.0,2.0,False,False
65,5,1,4,2,2,4,-3.0,3.0,False,False
65,6,2,4,2,3,4,-4.0,4.0,False,False
65,7,3,4,2,4,4,-5.0,5.0,True,False
66,0,0,0,1,0,1,-1.0,1.0,False,False
66,1,0,1,1,0,2,-1.0,1.0,False,False
66,2,0,2,1,0,3,-1.0,1.0,False,False
66,3,0,3,1,0,4,-1.0,1.0,False,False
66,4,0,4,2,1,4,-2.0,2.0,False,False
66,5,1,4,2,2,4,-3.0,3.0,False,False
66,6,2,4,2,3,4,-4.0,4.0,False,False
66,7,3,4,2,4,4,-5.0,5.0,True,False
67,0,0,0,1,0,1,-1.0,1.0,False,False
67,1,0,1,1,0,2,-1.0,1.0,False,False
67,2,0,2,1,0,3,-1.0,1.0,False,False
67,3,0,3,1,0,4,-1.0,1.0,False,False
67,4,0,4,2,1,4,-2.0,2.0,False,False
67,5,1,4,2,2,4,-3.0,3.0,False,False
67,6,2,4,2,3,4,-4.0,4.0,False,False
67,7,3,4,2,4,4,-5.0,5.0,True,False
68,0,0,0,1,0,1,-1.0,1.0,False,False
68,1,0,1,1,0,2,-1.0,1.0,False,False
68,2,0,2,1,0,3,-1.0,1.0,False,False
68,3,0,3,1,0,4,-1.0,1.0,False,False
68,4,0,4,2,1,4,-2.0,2.0,False,False
68,5,1,4,2,2,4,-3.0,3.0,False,False
68,6,2,4,2,3,4,-4.0,4.0,False,False
68,7,3,4,2,4,4,-5.0,5.0,True,False
69,0,0,0,1,0,1,-1.0,1.0,False,False
69,1,0,1,1,0,2,-1.0,1.0,False,False
69,2,0,2,1,0,3,-1.0,1.0,False,False
69,3,0,3,1,0,4,-1.0,1.0,False,False
69,4,0,4,2,1,4,-2.0,2.0,False,False
69,5,1,4,2,2,4,-3.0,3.0,False,False
69,6,2,4,2,3,4,-4.0,4.0,False,False
69,7,3,4,2,4,4,-5.0,5.0,True,False
70,0,0,0,1,0,1,-1.0,1.0,False,False
70,1,0,1,1,0,2,-1.0,1.0,False,False
70,2,0,2,1,0,3,-1.0,1.0,False,False
70,3,0,3,1,0,4,-1.0,1.0,False,False
70,4,0,4,2,1,4,-2.0,2.0,False,False
70,5,1,4,2,2,4,-3.0,3.0,False,False
70,6,2,4,2,3,4,-4.0,4.0,False,False
70,7,3,4,2,4,4,-5.0,5.0,True,False
71,0,0,0,1,0,1,-1.0,1.0,False,False
71,1,0,1,1,0,2,-1.0,1.0,False,False
71,2,0,2,1,0,3,-1.0,1.0,False,False
71,3,0,3,1,0,4,-1.0,1.0,False,False
71,4,0,4,2,1,4,-2.0,2.0,False,False
71,5,1,4,2,2,4,-3.0,3.0,False,False
71,6,2,4,2,3,4,-4.0,4.0,False,False
71,7,3,4,2,4,4,-5.0,5.0,True,False
72,0,0,0,1,0,1,-1.0,1.0,False,False
72,1,0,1,1,0,2,-1.0,1.0,False,False
72,2,0,2,1,0,3,-1.0,1.0,False,False
72,3,0,3,1,0,4,-1.0,1.0,False,False
72,4,0,4,2,1,4,-2.0,2.0,False,False
72,5,1,4,2,2,4,-3.0,3.0,False,False
72,6,2,4,2,3,4,-4.0,4.0,False,False
72,7,3,4,2,4,4,-5.0,5.0,True,False
73,0,0,0,1,0,1,-1.0,1.0,False,False
73,1,0,1,1,0,2,-1.0,1.0,False,False
73,2,0,2,1,0,3,-1.0,1.0,False,False
73,3,0,3,1,0,4,-1.0,1.0,False,False
73,4,0,4,2,1,4,-2.0,2.0,False,False
73,5,1,4,2,2,4,-3.0,3.0,False,False
73,6,2,4,2,3,4,-4.0,4.0,False,False
73,7,3,4,2,4,4,-5.0,5.0,True,False
74,0,0,0,1,0,1,-1.0,1.0,False,False
74,1,0,1,1,0,2,-1.0,1.0,False,False
74,2,0,2,1,0,3,-1.0,1.0,False,False
74,3,0,3,1,0,4,-1.0,1.0,False,False
74,4,0,4,2,1,4,-2.0,2.0,False,False
74,5,1,4,2,2,4,-3.0,3.0,False,False
74,6,2,4,2,3,4,-4.0,4.0,False,False
74,7,3,4,2,4,4,-5.0,5.0,True,False
75,0,0,0,1,0,1,-1.0,1.0,False,False
75,1,0,1,1,0,2,-1.0,1.0,False,False
75,2,0,2,1,0,3,-1.0,1.0,False,False
75,3,0,3,1,0,4,-1.0,1.0,False,False
75,4,0,4,2,1,4,-2.0,2.0,False,False
75,5,1,4,2,2,4,-3.0,3.0,False,False
75,6,2,4,2,3,4,-4.0,4.0,False,False
75,7,3,4,2,4,4,-5.0,5.0,True,False
76,0,0,0,1,0,1,-1.0,1.0,False,False
76,1,0,1,1,0,2,-1.0,1.0,False,False
76,2,0,2,1,0,3,-1.0,1.0,False,False
76,3,0,3,1,0,4,-1.0,1.0,False,False
76,4,0,4,2,1,4,-2.0,2.0,False,False
76,5,1,4,2,2,4,-3.0,3.0,False,False
76,6,2,4,2,3,4,-4.0,4.0,False,False
76,7,3,4,2,4,4,-5.0,5.0,True,False
77,0,0,0,1,0,1,-1.0,1.0,False,False
77,1,0,1,1,0,2,-1.0,1.0,False,False
77,2,0,2,1,0,3,-1.0,1.0,False,False
77,3,0,3,1,0,4,-1.0,1.0,False,False
77,4,0,4,2,1,4,-2.0,2.0,False,False
77,5,1,4,2,2,4,-3.0,3.0,False,False
77,6,2,4,2,3,4,-4.0,4.0,False,False
77,7,3,4,2,4,4,-5.0,5.0,True,False
78,0,0,0,1,0,1,-1.0,1.0,False,False
78,1,0,1,1,0,2,-1.0,1.0,False,False
78,2,0,2,1,0,3,-1.0,1.0,False,False
78,3,0,3,1,0,4,-1.0,1.0,False,False
78,4,0,4,2,1,4,-2.0,2.0,False,False
78,5,1,4,2,2,4,-3.0,3.0,False,False
78,6,2,4,2,3,4,-4.0,4.0,False,False
78,7,3,4,2,4,4,-5.0,5.0,True,False
79,0,0,0,1,0,1,-1.0,1.0,False,False
79,1,0,1,1,0,2,-1.0,1.0,False,False
79,2,0,2,1,0,3,-1.0,1.0,False,False
79,3,0,3,1,0,4,-1.0,1.0,False,False
79,4,0,4,2,1,4,-2.0,2.0,False,False
79,5,1,4,2,2,4,-3.0,3.0,False,False
79,6,2,4,2,3,4,-4.0,4.0,False,False
79,7,3,4,2,4,4,-5.0,5.0,True,False
80,0,0,0,1,0,1,-1.0,1.0,False,False
80,1,0,1,1,0,2,-1.0,1.0,False,False
80,2,0,2,1,0,3,-1.0,1.0,False,False
80,3,0,3,1,0,4,-1.0,1.0,False,False
80,4,0,4,2,1,4,-2.0,2.0,False,False
80,5,1,4,2,2,4,-3.0,3.0,False,False
80,6,2,4,2,3,4,-4.0,4.0,False,False
80,7,3,4,2,4,4,-5.0,5.0,True,False
81,0,0,0,1,0,1,-1.0,1.0,False,False
81,1,0,1,1,0,2,-1.0,1.0,False,False
81,2,0,2,1,0,3,-1.0,1.0,False,False
81,3,0,3,1,0,4,-1.0,1.0,False,False
81,4,0,4,2,1,4,-2.0,2.0,False,False
81,5,1,4,2,2,4,-3.0,3.0,False,False
81,6,2,4,2,3,4,-4.0,4.0,False,False
81,7,3,4,2,4,4,-5.0,5.0,True,False
82,0,0,0,1,0,1,-1.0,1.0,False,False
82,1,0,1,1,0,2,-1.0,1.0,False,False
82,2,0,2,1,0,3,-1.0,1.0,False,False
82,3,0,3,1,0,4,-1.0,1.0,False,False
82,4,0,4,2,1,4,-2.0,2.0,False,False
82,5,1,4,2,2,4,-3.0,3.0,False,False
82,6,2,4,2,3,4,-4.0,4.0,False,False
82,7,3,4,2,4,4,-5.0,5.0,True,False
83,0,0,0,1,0,1,-1.0,1.0,False,False
83,1,0,1,1,0,2,-1.0,1.0,False,False
83,2,0,2,1,0,3,-1.0,1.0,False,False
83,3,0,3,1,0,4,-1.0,1.0,False,False
83,4,0,4,2,1,4,-2.0,2.0,False,False
83,5,1,4,2,2,4,-3.0,3.0,False,False
83,6,2,4,2,3,4,-4.0,4.0,False,False
83,7,3,4,2,4,4,-5.0,5.0,True,False
84,0,0,0,1,0,1,-1.0,1.0,False,False
84,1,0,1,1,0,2,-1.0,1.0,False,False
84,2,0,2,1,0,3,-1.0,1.0,False,False
84,3,0,3,1,0,4,-1.0,1.0,False,False
84,4,0,4,2,1,4,-2.0,2.0,False,False
84,5,1,4,2,2,4,-3.0,3.0,False,False
84,6,2,4,2,3,4,-4.0,4.0,False,False
84,7,3,4,2,4,4,-5.0,5.0,True,False
85,0,0,0,1,0,1,-1.0,1.0,False,False
85,1,0,1,1,0,2,-1.0,1.0,False,False
85,2,0,2,1,0,3,-1.0,1.0,False,False
85,3,0,3,1,0,4,-1.0,1.0,False,False
85,4,0,4,2,1,4,-2.0,2.0,False,False
85,5,1,4,2,2,4,-3.0,3.0,False,False
85,6,2,4,2,3,4,-4.0,4.0,False,False
85,7,3,4,2,4,4,-5.0,5.0,True,False
86,0,0,0,1,0,1,-1.0,1.0,False,False
86,1,0,1,1,0,2,-1.0,1.0,False,False
86,2,0,2,1,0,3,-1.0,1.0,False,False
86,3,0,3,1,0,4,-1.0,1.0,False,False
86,4,0,4,2,1,4,-2.0,2.0,False,False
86,5,1,4,2,2,4,-3.0,3.0,False,False
86,6,2,4,2,3,4,-4.0,4.0,False,False
86,7,3,4,2,4,4,-5.0,5.0,True,False
87,0,0,0,1,0,1,-1.0,1.0,False,False
87,1,0,1,1,0,2,-1.0,1.0,False,False
87,2,0,2,1,0,3,-1.0,1.0,False,False
87,3,0,3,1,0,4,-1.0,1.0,False,False
87,4,0,4,2,1,4,-2.0,2.0,False,False
87,5,1,4,2,2,4,-3.0,3.0,False,False
87,6,2,4,2,3,4,-4.0,4.0,False,False
87,7,3,4,2,4,4,-5.0,5.0,True,False
88,0,0,0,1,0,1,-1.0,1.0,False,False
88,1,0,1,1,0,2,-1.0,1.0,False,False
88,2,0,2,1,0,3,-1.0,1.0,False,False
88,3,0,3,1,0,4,-1.0,1.0,False,False
88,4,0,4,2,1,4,-2.0,2.0,False,False
88,5,1,4,2,2,4,-3.0,3.0,False,False
88,6,2,4,2,3,4,-4.0,4.0,False,False
88,7,3,4,2,4,4,-5.0,5.0,True,False
89,0,0,0,1,0,1,-1.0,1.0,False,False
89,1,0,1,1,0,2,-1.0,1.0,False,False
89,2,0,2,1,0,3,-1.0,1.0,False,False
89,3,0,3,1,0,4,-1.0,1.0,False,False
89,4,0,4,2,1,4,-2.0,2.0,False,False
89,5,1,4,2,2,4,-3.0,3.0,False,False
89,6,2,4,2,3,4,-4.0,4.0,False,False
89,7,3,4,2,4,4,-5.0,5.0,True,False
90,0,0,0,1,0,1,-1.0,1.0,False,False
90,1,0,1,1,0,2,-1.0,1.0,False,False
90,2,0,2,1,0,3,-1.0,1.0,False,False
90,3,0,3,1,0,4,-1.0,1.0,False,False
90,4,0,4,2,1,4,-2.0,2.0,False,False
90,5,1,4,2,2,4,-3.0,3.0,False,False
90,6,2,4,2,3,4,-4.0,4.0,False,False
90,7,3,4,2,4,4,-5.0,5.0,True,False
91,0,0,0,1,0,1,-1.0,1.0,False,False
91,1,0,1,1,0,2,-1.0,1.0,False,False
91,2,0,2,1,0,3,-1.0,1.0,False,False
91,3,0,3,1,0,4,-1.0,1.0,False,False
91,4,0,4,2,1,4,-2.0,2.0,False,False
91,5,1,4,2,2,4,-3.0,3.0,False,False
91,6,2,4,2,3,4,-4.0,4.0,False,False
91,7,3,4,2,4,4,-5.0,5.0,True,False
92,0,0,0,1,0,1,-1.0,1.0,False,False
92,1,0,1,1,0,2,-1.0,1.0,False,False
92,2,0,2,1,0,3,-1.0,1.0,False,False
92,3,0,3,1,0,4,-1.0,1.0,False,False
92,4,0,4,2,1,4,-2.0,2.0,False,False
92,5,1,4,2,2,4,-3.0,3.0,False,False
92,6,2,4,2,3,4,-4.0,4.0,False,False
92,7,3,4,2,4,4,-5.0,5.0,True,False
93,0,0,0,1,0,1,-1.0,1.0,False,False
93,1,0,1,1,0,2,-1.0,1.0,False,False
93,2,0,2,1,0,3,-1.0,1.0,False,False
93,3,0,3,1,0,4,-1.0,1.0,False,False
93,4,0,4,2,1,4,-2.0,2.0,False,False
93,5,1,4,2,2,4,-3.0,3.0,False,False
93,6,2,4,2,3,4,-4.0,4.0,False,False
93,7,3,4,2,4,4,-5.0,5.0,True,False
94,0,0,0,1,0,1,-1.0,1.0,False,False
94,1,0,1,1,0,2,-1.0,1.0,False,False
94,2,0,2,1,0,3,-1.0,1.0,False,False
94,3,0,3,1,0,4,-1.0,1.0,False,False
94,4,0,4,2,1,4,-2.0,2.0,False,False
94,5,1,4,2,2,4,-3.0,3.0,False,False
94,6,2,4,2,3,4,-4.0,4.0,False,False
94,7,3,4,2,4,4,-5.0,5.0,True,False
95,0,0,0,1,0,1,-1.0,1.0,False,False
95,1,0,1,1,0,2,-1.0,1.0,False,False
95,2,0,2,1,0,3,-1.0,1.0,False,False
95,3,0,3,1,0,4,-1.0,1.0,False,False
95,4,0,4,2,1,4,-2.0,2.0,False,False
95,5,1,4,2,2,4,-3.0,3.0,False,False
95,6,2,4,2,3,4,-4.0,4.0,False,False
95,7,3,4,2,4,4,-5.0,5.0,True,False
96,0,0,0,1,0,1,-1.0,1.0,False,False
96,1,0,1,1,0,2,-1.0,1.0,False,False
96,2,0,2,1,0,3,-1.0,1.0,False,False
96,3,0,3,1,0,4,-1.0,1.0,False,False
96,4,0,4,2,1,4,-2.0,2.0,False,False
96,5,1,4,2,2,4,-3.0,3.0,False,False
96,6,2,4,2,3,4,-4.0,4.0,False,False
96,7,3,4,2,4,4,-5.0,5.0,True,False
97,0,0,0,1,0,1,-1.0,1.0,False,False
97,1,0,1,1,0,2,-1.0,1.0,False,False
97,2,0,2,1,0,3,-1.0,1.0,False,False
97,3,0,3,1,0,4,-1.0,1.0,False,False
97,4,0,4,2,1,4,-2.0,2.0,False,False
97,5,1,4,2,2,4,-3.0,3.0,False,False
97,6,2,4,2,3,4,-4.0,4.0,False,False
97,7,3,4,2,4,4,-5.0,5.0,True,False
98,0,0,0,1,0,1,-1.0,1.0,False,False
98,1,0,1,1,0,2,-1.0,1.0,False,False
98,2,0,2,1,0,3,-1.0,1.0,False,False
98,3,0,3,1,0,4,-1.0,1.0,False,False
98,4,0,4,2,1,4,-2.0,2.0,False,False
98,5,1,4,2,2,4,-3.0,3.0,False,False
98,6,2,4,2,3,4,-4.0,4.0,False,False
98,7,3,4,2,4,4,-5.0,5.0,True,False
99,0,0,0,1,0,1,-1.0,1.0,False,False
99,1,0,1,1,0,2,-1.0,1.0,False,False
99,2,0,2,1,0,3,-1.0,1.0,False,False
99,3,0,3,1,0,4,-1.0,1.0,False,False
99,4,0,4,2,1,4,-2.0,2.0,False,False
99,5,1,4,2,2,4,-3.0,3.0,False,False
99,6,2,4,2,3,4,-4.0,4.0,False,False
99,7,3,4,2,4,4,-5.0,5.0,True,False
100,0,0,0,1,0,1,-1.0,1.0,False,False
100,1,0,1,1,0,2,-1.0,1.0,False,False
100,2,0,2,1,0,3,-1.0,1.0,False,False
100,3,0,3,1,0,4,-1.0,1.0,False,False
100,4,0,4,2,1,4,-2.0,2.0,False,False
100,5,1,4,2,2,4,-3.0,3.0,False,False
100,6,2,4,2,3,4,-4.0,4.0,False,False
100,7,3,4,2,4,4,-5.0,5.0,True,False
101,0,0,0,1,0,1,-1.0,1.0,False,False
101,1,0,1,1,0,2,-1.0,1.0,False,False
101,2,0,2,1,0,3,-1.0,1.0,False,False
101,3,0,3,1,0,4,-1.0,1.0,False,False
101,4,0,4,2,1,4,-2.0,2.0,False,False
101,5,1,4,2,2,4,-3.0,3.0,False,False
101,6,2,4,2,3,4,-4.0,4.0,False,False
101,7,3,4,2,4,4,-5.0,5.0,True,False
102,0,0,0,1,0,1,-1.0,1.0,False,False
102,1,0,1,1,0,2,-1.0,1.0,False,False
102,2,0,2,1,0,3,-1.0,1.0,False,False
102,3,0,3,1,0,4,-1.0,1.0,False,False
102,4,0,4,2,1,4,-2.0,2.0,False,False
102,5,1,4,2,2,4,-3.0,3.0,False,False
102,6,2,4,2,3,4,-4.0,4.0,False,False
102,7,3,4,2,4,4,-5.0,5.0,True,False
103,0,0,0,1,0,1,-1.0,1.0,False,False
103,1,0,1,1,0,2,-1.0,1.0,False,False
103,2,0,2,1,0,3,-1.0,1.0,False,False
103,3,0,3,1,0,4,-1.0,1.0,False,False
103,4,0,4,2,1,4,-2.0,2.0,False,False
103,5,1,4,2,2,4,-3.0,3.0,False,False
103,6,2,4,2,3,4,-4.0,4.0,False,False
103,7,3,4,2,4,4,-5.0,5.0,True,False
104,0,0,0,1,0,1,-1.0,1.0,False,False
104,1,0,1,1,0,2,-1.0,1.0,False,False
104,2,0,2,1,0,3,-1.0,1.0,False,False
104,3,0,3,1,0,4,-1.0,1.0,False,False
104,4,0,4,2,1,4,-2.0,2.0,False,False
104,5,1,4,2,2,4,-3.0,3.0,False,False
104,6,2,4,2,3,4,-4.0,4.0,False,False
104,7,3,4,2,4,4,-5.0,5.0,True,False
105,0,0,0,1,0,1,-1.0,1.0,False,False
105,1,0,1,1,0,2,-1.0,1.0,False,False
105,2,0,2,1,0,3,-1.0,1.0,False,False
105,3,0,3,1,0,4,-1.0,1.0,False,False
105,4,0,4,2,1,4,-2.0,2.0,False,False
105,5,1,4,2,2,4,-3.0,3.0,False,False
105,6,2,4,2,3,4,-4.0,4.0,False,False
105,7,3,4,2,4,4,-5.0,5.0,True,False
106,0,0,0,1,0,1,-1.0,1.0,False,False
106,1,0,1,1,0,2,-1.0,1.0,False,False
106,2,0,2,1,0,3,-1.0,1.0,False,False
106,3,0,3,1,0,4,-1.0,1.0,False,False
106,4,0,4,2,1,4,-2.0,2.0,False,False
106,5,1,4,2,2,4,-3.0,3.0,False,False
106,6,2,4,2,3,4,-4.0,4.0,False,False
106,7,3,4,2,4,4,-5.0,5.0,True,False
107,0,0,0,1,0,1,-1.0,1.0,False,False
107,1,0,1,1,0,2,-1.0,1.0,False,False
107,2,0,2,1,0,3,-1.0,1.0,False,False
107,3,0,3,1,0,4,-1.0,1.0,False,False
107,4,0,4,2,1,4,-2.0,2.0,False,False
107,5,1,4,2,2,4,-3.0,3.0,False,False
107,6,2,4,2,3,4,-4.0,4.0,False,False
107,7,3,4,2,4,4,-5.0,5.0,True,False
108,0,0,0,1,0,1,-1.0,1.0,False,False
108,1,0,1,1,0,2,-1.0,1.0,False,False
108,2,0,2,1,0,3,-1.0,1.0,False,False
108,3,0,3,1,0,4,-1.0,1.0,False,False
108,4,0,4,2,1,4,-2.0,2.0,False,False
108,5,1,4,2,2,4,-3.0,3.0,False,False
108,6,2,4,2,3,4,-4.0,4.0,False,False
108,7,3,4,2,4,4,-5.0,5.0,True,False
109,0,0,0,1,0,1,-1.0,1.0,False,False
109,1,0,1,1,0,2,-1.0,1.0,False,False
109,2,0,2,1,0,3,-1.0,1.0,False,False
109,3,0,3,1,0,4,-1.0,1.0,False,False
109,4,0,4,2,1,4,-2.0,2.0,False,False
109,5,1,4,2,2,4,-3.0,3.0,False,False
109,6,2,4,2,3,4,-4.0,4.0,False,False
109,7,3,4,2,4,4,-5.0,5.0,True,False
110,0,0,0,1,0,1,-1.0,1.0,False,False
110,1,0,1,1,0,2,-1.0,1.0,False,False
110,2,0,2,1,0,3,-1.0,1.0,False,False
110,3,0,3,1,0,4,-1.0,1.0,False,False
110,4,0,4,2,1,4,-2.0,2.0,False,False
110,5,1,4,2,2,4,-3.0,3.0,False,False
110,6,2,4,2,3,4,-4.0,4.0,False,False
110,7,3,4,2,4,4,-5.0,5.0,True,False
111,0,0,0,1,0,1,-1.0,1.0,False,False
111,1,0,1,1,0,2,-1.0,1.0,False,False
111,2,0,2,1,0,3,-1.0,1.0,False,False
111,3,0,3,1,0,4,-1.0,1.0,False,False
111,4,0,4,2,1,4,-2.0,2.0,False,False
111,5,1,4,2,2,4,-3.0,3.0,False,False
111,6,2,4,2,3,4,-4.0,4.0,False,False
111,7,3,4,2,4,4,-5.0,5.0,True,False
112,0,0,0,1,0,1,-1.0,1.0,False,False
112,1,0,1,1,0,2,-1.0,1.0,False,False
112,2,0,2,1,0,3,-1.0,1.0,False,False
112,3,0,3,1,0,4,-1.0,1.0,False,False
112,4,0,4,2,1,4,-2.0,2.0,False,False
112,5,1,4,2,2,4,-3.0,3.0,False,False
112,6,2,4,2,3,4,-4.0,4.0,False,False
112,7,3,4,2,4,4,-5.0,5.0,True,False
113,0,0,0,1,0,1,-1.0,1.0,False,False
113,1,0,1,1,0,2,-1.0,1.0,False,False
113,2,0,2,1,0,3,-1.0,1.0,False,False
113,3,0,3,1,0,4,-1.0,1.0,False,False
113,4,0,4,2,1,4,-2.0,2.0,False,False
113,5,1,4,2,2,4,-3.0,3.0,False,False
113,6,2,4,2,3,4,-4.0,4.0,False,False
113,7,3,4,2,4,4,-5.0,5.0,True,False
114,0,0,0,1,0,1,-1.0,1.0,False,False
114,1,0,1,1,0,2,-1.0,1.0,False,False
114,2,0,2,1,0,3,-1.0,1.0,False,False
114,3,0,3,1,0,4,-1.0,1.0,False,False
114,4,0,4,2,1,4,-2.0,2.0,False,False
114,5,1,4,2,2,4,-3.0,3.0,False,False
114,6,2,4,2,3,4,-4.0,4.0,False,False
114,7,3,4,2,4,4,-5.0,5.0,True,False
115,0,0,0,1,0,1,-1.0,1.0,False,False
115,1,0,1,1,0,2,-1.0,1.0,False,False
115,2,0,2,1,0,3,-1.0,1.0,False,False
115,3,0,3,1,0,4,-1.0,1.0,False,False
115,4,0,4,2,1,4,-2.0,2.0,False,False
115,5,1,4,2,2,4,-3.0,3.0,False,False
115,6,2,4,2,3,4,-4.0,4.0,False,False
115,7,3,4,2,4,4,-5.0,5.0,True,False
116,0,0,0,1,0,1,-1.0,1.0,False,False
116,1,0,1,1,0,2,-1.0,1.0,False,False
116,2,0,2,1,0,3,-1.0,1.0,False,False
116,3,0,3,1,0,4,-1.0,1.0,False,False
116,4,0,4,2,1,4,-2.0,2.0,False,False
116,5,1,4,2,2,4,-3.0,3.0,False,False
116,6,2,4,2,3,4,-4.0,4.0,False,False
116,7,3,4,2,4,4,-5.0,5.0,True,False
117,0,0,0,1,0,1,-1.0,1.0,False,False
117,1,0,1,1,0,2,-1.0,1.0,False,False
117,2,0,2,1,0,3,-1.0,1.0,False,False
117,3,0,3,1,0,4,-1.0,1.0,False,False
117,4,0,4,2,1,4,-2.0,2.0,False,False
117,5,1,4,2,2,4,-3.0,3.0,False,False
117,6,2,4,2,3,4,-4.0,4.0,False,False
117,7,3,4,2,4,4,-5.0,5.0,True,False
118,0,0,0,1,0,1,-1.0,1.0,False,False
118,1,0,1,1,0,2,-1.0,1.0,False,False
118,2,0,2,1,0,3,-1.0,1.0,False,False
118,3,0,3,1,0,4,-1.0,1.0,False,False
118,4,0,4,2,1,4,-2.0,2.0,False,False
118,5,1,4,2,2,4,-3.0,3.0,False,False
118,6,2,4,2,3,4,-4.0,4.0,False,False
118,7,3,4,2,4,4,-5.0,5.0,True,False
119,0,0,0,1,0,1,-1.0,1.0,False,False
119,1,0,1,1,0,2,-1.0,1.0,False,False
119,2,0,2,1,0,3,-1.0,1.0,False,False
119,3,0,3,1,0,4,-1.0,1.0,False,False
119,4,0,4,2,1,4,-2.0,2.0,False,False
119,5,1,4,2,2,4,-3.0,3.0,False,False
119,6,2,4,2,3,4,-4.0,4.0,False,False
119,7,3,4,2,4,4,-5.0,5.0,True,False
120,0,0,0,1,0,1,-1.0,1.0,False,False
120,1,0,1,1,0,2,-1.0,1.0,False,False
120,2,0,2,1,0,3,-1.0,1.0,False,False
120,3,0,3,1,0,4,-1.0,1.0,False,False
120,4,0,4,2,1,4,-2.0,2.0,False,False
120,5,1,4,2,2,4,-3.0,3.0,False,False
120,6,2,4,2,3,4,-4.0,4.0,False,False
120,7,3,4,2,4,4,-5.0,5.0,True,False
121,0,0,0,1,0,1,-1.0,1.0,False,False
121,1,0,1,1,0,2,-1.0,1.0,False,False
121,2,0,2,1,0,3,-1.0,1.0,False,False
121,3,0,3,1,0,4,-1.0,1.0,False,False
121,4,0,4,2,1,4,-2.0,2.0,False,False
121,5,1,4,2,2,4,-3.0,3.0,False,False
121,6,2,4,2,3,4,-4.0,4.0,False,False
121,7,3,4,2,4,4,-5.0,5.0,True,False
122,0,0,0,1,0,1,-1.0,1.0,False,False
122,1,0,1,1,0,2,-1.0,1.0,False,False
122,2,0,2,1,0,3,-1.0,1.0,False,False
122,3,0,3,1,0,4,-1.0,1.0,False,False
122,4,0,4,2,1,4,-2.0,2.0,False,False
122,5,1,4,2,2,4,-3.0,3.0,False,False
122,6,2,4,2,3,4,-4.0,4.0,False,False
122,7,3,4,2,4,4,-5.0,5.0,True,False
123,0,0,0,1,0,1,-1.0,1.0,False,False
123,1,0,1,1,0,2,-1.0,1.0,False,False
123,2,0,2,1,0,3,-1.0,1.0,False,False
123,3,0,3,1,0,4,-1.0,1.0,False,False
123,4,0,4,2,1,4,-2.0,2.0,False,False
123,5,1,4,2,2,4,-3.0,3.0,False,False
123,6,2,4,2,3,4,-4.0,4.0,False,False
123,7,3,4,2,4,4,-5.0,5.0,True,False
124,0,0,0,1,0,1,-1.0,1.0,False,False
124,1,0,1,1,0,2,-1.0,1.0,False,False
124,2,0,2,1,0,3,-1.0,1.0,False,False
124,3,0,3,1,0,4,-1.0,1.0,False,False
124,4,0,4,2,1,4,-2.0,2.0,False,False
124,5,1,4,2,2,4,-3.0,3.0,False,False
124,6,2,4,2,3,4,-4.0,4.0,False,False
124,7,3,4,2,4,4,-5.0,5.0,True,False
125,0,0,0,1,0,1,-1.0,1.0,False,False
125,1,0,1,1,0,2,-1.0,1.0,False,False
125,2,0,2,1,0,3,-1.0,1.0,False,False
125,3,0,3,1,0,4,-1.0,1.0,False,False
125,4,0,4,2,1,4,-2.0,2.0,False,False
125,5,1,4,2,2,4,-3.0,3.0,False,False
125,6,2,4,2,3,4,-4.0,4.0,False,False
125,7,3,4,2,4,4,-5.0,5.0,True,False
126,0,0,0,1,0,1,-1.0,1.0,False,False
126,1,0,1,1,0,2,-1.0,1.0,False,False
126,2,0,2,1,0,3,-1.0,1.0,False,False
126,3,0,3,1,0,4,-1.0,1.0,False,False
126,4,0,4,2,1,4,-2.0,2.0,False,False
126,5,1,4,2,2,4,-3.0,3.0,False,False
126,6,2,4,2,3,4,-4.0,4.0,False,False
126,7,3,4,2,4,4,-5.0,5.0,True,False
127,0,0,0,1,0,1,-1.0,1.0,False,False
127,1,0,1,1,0,2,-1.0,1.0,False,False
127,2,0,2,1,0,3,-1.0,1.0,False,False
127,3,0,3,1,0,4,-1.0,1.0,False,False
127,4,0,4,2,1,4,-2.0,2.0,False,False
127,5,1,4,2,2,4,-3.0,3.0,False,False
127,6,2,4,2,3,4,-4.0,4.0,False,False
127,7,3,4,2,4,4,-5.0,5.0,True,False
128,0,0,0,1,0,1,-1.0,1.0,False,False
128,1,0,1,1,0,2,-1.0,1.0,False,False
128,2,0,2,1,0,3,-1.0,1.0,False,False
128,3,0,3,1,0,4,-1.0,1.0,False,False
128,4,0,4,2,1,4,-2.0,2.0,False,False
128,5,1,4,2,2,4,-3.0,3.0,False,False
128,6,2,4,2,3,4,-4.0,4.0,False,False
128,7,3,4,2,4,4,-5.0,5.0,True,False
129,0,0,0,1,0,1,-1.0,1.0,False,False
129,1,0,1,1,0,2,-1.0,1.0,False,False
129,2,0,2,1,0,3,-1.0,1.0,False,False
129,3,0,3,1,0,4,-1.0,1.0,False,False
129,4,0,4,2,1,4,-2.0,2.0,False,False
129,5,1,4,2,2,4,-3.0,3.0,False,False
129,6,2,4,2,3,4,-4.0,4.0,False,False
129,7,3,4,2,4,4,-5.0,5.0,True,False
130,0,0,0,1,0,1,-1.0,1.0,False,False
130,1,0,1,1,0,2,-1.0,1.0,False,False
130,2,0,2,1,0,3,-1.0,1.0,False,False
130,3,0,3,1,0,4,-1.0,1.0,False,False
130,4,0,4,2,1,4,-2.0,2.0,False,False
130,5,1,4,2,2,4,-3.0,3.0,False,False
130,6,2,4,2,3,4,-4.0,4.0,False,False
130,7,3,4,2,4,4,-5.0,5.0,True,False
131,0,0,0,1,0,1,-1.0,1.0,False,False
131,1,0,1,1,0,2,-1.0,1.0,False,False
131,2,0,2,1,0,3,-1.0,1.0,False,False
131,3,0,3,1,0,4,-1.0,1.0,False,False
131,4,0,4,2,1,4,-2.0,2.0,False,False
131,5,1,4,2,2,4,-3.0,3.0,False,False
131,6,2,4,2,3,4,-4.0,4.0,False,False
131,7,3,4,2,4,4,-5.0,5.0,True,False
132,0,0,0,1,0,1,-1.0,1.0,False,False
132,1,0,1,1,0,2,-1.0,1.0,False,False
132,2,0,2,1,0,3,-1.0,1.0,False,False
132,3,0,3,1,0,4,-1.0,1.0,False,False
132,4,0,4,2,1,4,-2.0,2.0,False,False
132,5,1,4,2,2,4,-3.0,3.0,False,False
132,6,2,4,2,3,4,-4.0,4.0,False,False
132,7,3,4,2,4,4,-5.0,5.0,True,False
133,0,0,0,1,0,1,-1.0,1.0,False,False
133,1,0,1,1,0,2,-1.0,1.0,False,False
133,2,0,2,1,0,3,-1.0,1.0,False,False
133,3,0,3,1,0,4,-1.0,1.0,False,False
133,4,0,4,2,1,4,-2.0,2.0,False,False
133,5,1,4,2,2,4,-3.0,3.0,False,False
133,6,2,4,2,3,4,-4.0,4.0,False,False
133,7,3,4,2,4,4,-5.0,5.0,True,False
134,0,0,0,1,0,1,-1.0,1.0,False,False
134,1,0,1,1,0,2,-1.0,1.0,False,False
134,2,0,2,1,0,3,-1.0,1.0,False,False
134,3,0,3,1,0,4,-1.0,1.0,False,False
134,4,0,4,2,1,4,-2.0,2.0,False,False
134,5,1,4,2,2,4,-3.0,3.0,False,False
134,6,2,4,2,3,4,-4.0,4.0,False,False
134,7,3,4,2,4,4,-5.0,5.0,True,False
135,0,0,0,1,0,1,-1.0,1.0,False,False
135,1,0,1,1,0,2,-1.0,1.0,False,False
135,2,0,2,1,0,3,-1.0,1.0,False,False
135,3,0,3,1,0,4,-1.0,1.0,False,False
135,4,0,4,2,1,4,-2.0,2.0,False,False
135,5,1,4,2,2,4,-3.0,3.0,False,False
135,6,2,4,2,3,4,-4.0,4.0,False,False
135,7,3,4,2,4,4,-5.0,5.0,True,False
136,0,0,0,1,0,1,-1.0,1.0,False,False
136,1,0,1,1,0,2,-1.0,1.0,False,False
136,2,0,2,1,0,3,-1.0,1.0,False,False
136,3,0,3,1,0,4,-1.0,1.0,False,False
136,4,0,4,2,1,4,-2.0,2.0,False,False
136,5,1,4,2,2,4,-3.0,3.0,False,False
136,6,2,4,2,3,4,-4.0,4.0,False,False
136,7,3,4,2,4,4,-5.0,5.0,True,False
137,0,0,0,1,0,1,-1.0,1.0,False,False
137,1,0,1,1,0,2,-1.0,1.0,False,False
137,2,0,2,1,0,3,-1.0,1.0,False,False
137,3,0,3,1,0,4,-1.0,1.0,False,False
137,4,0,4,2,1,4,-2.0,2.0,False,False
137,5,1,4,2,2,4,-3.0,3.0,False,False
137,6,2,4,2,3,4,-4.0,4.0,False,False
137,7,3,4,2,4,4,-5.0,5.0,True,False
138,0,0,0,1,0,1,-1.0,1.0,False,False
138,1,0,1,1,0,2,-1.0,1.0,False,False
138,2,0,2,1,0,3,-1.0,1.0,False,False
138,3,0,3,1,0,4,-1.0,1.0,False,False
138,4,0,4,2,1,4,-2.0,2.0,False,False
138,5,1,4,2,2,4,-3.0,3.0,False,False
138,6,2,4,2,3,4,-4.0,4.0,False,False
138,7,3,4,2,4,4,-5.0,5.0,True,False
139,0,0,0,1,0,1,-1.0,1.0,False,False
139,1,0,1,1,0,2,-1.0,1.0,False,False
139,2,0,2,1,0,3,-1.0,1.0,False,False
139,3,0,3,1,0,4,-1.0,1.0,False,False
139,4,0,4,2,1,4,-2.0,2.0,False,False
139,5,1,4,2,2,4,-3.0,3.0,False,False
139,6,2,4,2,3,4,-4.0,4.0,False,False
139,7,3,4,2,4,4,-5.0,5.0,True,False
140,0,0,0,1,0,1,-1.0,1.0,False,False
140,1,0,1,1,0,2,-1.0,1.0,False,False
140,2,0,2,1,0,3,-1.0,1.0,False,False
140,3,0,3,1,0,4,-1.0,1.0,False,False
140,4,0,4,2,1,4,-2.0,2.0,False,False
140,5,1,4,2,2,4,-3.0,3.0,False,False
140,6,2,4,2,3,4,-4.0,4.0,False,False
140,7,3,4,2,4,4,-5.0,5.0,True,False
141,0,0,0,1,0,1,-1.0,1.0,False,False
141,1,0,1,1,0,2,-1.0,1.0,False,False
141,2,0,2,1,0,3,-1.0,1.0,False,False
141,3,0,3,1,0,4,-1.0,1.0,False,False
141,4,0,4,2,1,4,-2.0,2.0,False,False
141,5,1,4,2,2,4,-3.0,3.0,False,False
141,6,2,4,2,3,4,-4.0,4.0,False,False
141,7,3,4,2,4,4,-5.0,5.0,True,False
142,0,0,0,1,0,1,-1.0,1.0,False,False
142,1,0,1,1,0,2,-1.0,1.0,False,False
142,2,0,2,1,0,3,-1.0,1.0,False,False
142,3,0,3,1,0,4,-1.0,1.0,False,False
142,4,0,4,2,1,4,-2.0,2.0,False,False
142,5,1,4,2,2,4,-3.0,3.0,False,False
142,6,2,4,2,3,4,-4.0,4.0,False,False
142,7,3,4,2,4,4,-5.0,5.0,True,False
143,0,0,0,1,0,1,-1.0,1.0,False,False
143,1,0,1,1,0,2,-1.0,1.0,False,False
143,2,0,2,1,0,3,-1.0,1.0,False,False
143,3,0,3,1,0,4,-1.0,1.0,False,False
143,4,0,4,2,1,4,-2.0,2.0,False,False
143,5,1,4,2,2,4,-3.0,3.0,False,False
143,6,2,4,2,3,4,-4.0,4.0,False,False
143,7,3,4,2,4,4,-5.0,5.0,True,False
144,0,0,0,1,0,1,-1.0,1.0,False,False
144,1,0,1,1,0,2,-1.0,1.0,False,False
144,2,0,2,1,0,3,-1.0,1.0,False,False
144,3,0,3,1,0,4,-1.0,1.0,False,False
144,4,0,4,2,1,4,-2.0,2.0,False,False
144,5,1,4,2,2,4,-3.0,3.0,False,False
144,6,2,4,2,3,4,-4.0,4.0,False,False
144,7,3,4,2,4,4,-5.0,5.0,True,False
145,0,0,0,1,0,1,-1.0,1.0,False,False
145,1,0,1,1,0,2,-1.0,1.0,False,False
145,2,0,2,1,0,3,-1.0,1.0,False,False
145,3,0,3,1,0,4,-1.0,1.0,False,False
145,4,0,4,2,1,4,-2.0,2.0,False,False
145,5,1,4,2,2,4,-3.0,3.0,False,False
145,6,2,4,2,3,4,-4.0,4.0,False,False
145,7,3,4,2,4,4,-5.0,5.0,True,False
146,0,0,0,1,0,1,-1.0,1.0,False,False
146,1,0,1,1,0,2,-1.0,1.0,False,False
146,2,0,2,1,0,3,-1.0,1.0,False,False
146,3,0,3,1,0,4,-1.0,1.0,False,False
146,4,0,4,2,1,4,-2.0,2.0,False,False
146,5,1,4,2,2,4,-3.0,3.0,False,False
146,6,2,4,2,3,4,-4.0,4.0,False,False
146,7,3,4,2,4,4,-5.0,5.0,True,False
147,0,0,0,1,0,1,-1.0,1.0,False,False
147,1,0,1,1,0,2,-1.0,1.0,False,False
147,2,0,2,1,0,3,-1.0,1.0,False,False
147,3,0,3,1,0,4,-1.0,1.0,False,False
147,4,0,4,2,1,4,-2.0,2.0,False,False
147,5,1,4,2,2,4,-3.0,3.0,False,False
147,6,2,4,2,3,4,-4.0,4.0,False,False
147,7,3,4,2,4,4,-5.0,5.0,True,False
148,0,0,0,1,0,1,-1.0,1.0,False,False
148,1,0,1,1,0,2,-1.0,1.0,False,False
148,2,0,2,1,0,3,-1.0,1.0,False,False
148,3,0,3,1,0,4,-1.0,1.0,False,False
148,4,0,4,2,1,4,-2.0,2.0,False,False
148,5,1,4,2,2,4,-3.0,3.0,False,False
148,6,2,4,2,3,4,-4.0,4.0,False,False
148,7,3,4,2,4,4,-5.0,5.0,True,False
149,0,0,0,1,0,1,-1.0,1.0,False,False
149,1,0,1,1,0,2,-1.0,1.0,False,False
149,2,0,2,1,0,3,-1.0,1.0,False,False
149,3,0,3,1,0,4,-1.0,1.0,False,False
149,4,0,4,2,1,4,-2.0,2.0,False,False
149,5,1,4,2,2,4,-3.0,3.0,False,False
149,6,2,4,2,3,4,-4.0,4.0,False,False
149,7,3,4,2,4,4,-5.0,5.0,True,False
150,0,0,0,1,0,1,-1.0,1.0,False,False
150,1,0,1,1,0,2,-1.0,1.0,False,False
150,2,0,2,1,0,3,-1.0,1.0,False,False
150,3,0,3,1,0,4,-1.0,1.0,False,False
150,4,0,4,2,1,4,-2.0,2.0,False,False
150,5,1,4,2,2,4,-3.0,3.0,False,False
150,6,2,4,2,3,4,-4.0,4.0,False,False
150,7,3,4,2,4,4,-5.0,5.0,True,False
151,0,0,0,1,0,1,-1.0,1.0,False,False
151,1,0,1,1,0,2,-1.0,1.0,False,False
151,2,0,2,1,0,3,-1.0,1.0,False,False
151,3,0,3,1,0,4,-1.0,1.0,False,False
151,4,0,4,2,1,4,-2.0,2.0,False,False
151,5,1,4,2,2,4,-3.0,3.0,False,False
151,6,2,4,2,3,4,-4.0,4.0,False,False
151,7,3,4,2,4,4,-5.0,5.0,True,False
152,0,0,0,1,0,1,-1.0,1.0,False,False
152,1,0,1,1,0,2,-1.0,1.0,False,False
152,2,0,2,1,0,3,-1.0,1.0,False,False
152,3,0,3,1,0,4,-1.0,1.0,False,False
152,4,0,4,2,1,4,-2.0,2.0,False,False
152,5,1,4,2,2,4,-3.0,3.0,False,False
152,6,2,4,2,3,4,-4.0,4.0,False,False
152,7,3,4,2,4,4,-5.0,5.0,True,False
153,0,0,0,1,0,1,-1.0,1.0,False,False
153,1,0,1,1,0,2,-1.0,1.0,False,False
153,2,0,2,1,0,3,-1.0,1.0,False,False
153,3,0,3,1,0,4,-1.0,1.0,False,False
153,4,0,4,2,1,4,-2.0,2.0,False,False
153,5,1,4,2,2,4,-3.0,3.0,False,False
153,6,2,4,2,3,4,-4.0,4.0,False,False
153,7,3,4,2,4,4,-5.0,5.0,True,False
154,0,0,0,1,0,1,-1.0,1.0,False,False
154,1,0,1,1,0,2,-1.0,1.0,False,False
154,2,0,2,1,0,3,-1.0,1.0,False,False
154,3,0,3,1,0,4,-1.0,1.0,False,False
154,4,0,4,2,1,4,-2.0,2.0,False,False
154,5,1,4,2,2,4,-3.0,3.0,False,False
154,6,2,4,2,3,4,-4.0,4.0,False,False
154,7,3,4,2,4,4,-5.0,5.0,True,False
155,0,0,0,1,0,1,-1.0,1.0,False,False
155,1,0,1,1,0,2,-1.0,1.0,False,False
155,2,0,2,1,0,3,-1.0,1.0,False,False
155,3,0,3,1,0,4,-1.0,1.0,False,False
155,4,0,4,2,1,4,-2.0,2.0,False,False
155,5,1,4,2,2,4,-3.0,3.0,False,False
155,6,2,4,2,3,4,-4.0,4.0,False,False
155,7,3,4,2,4,4,-5.0,5.0,True,False
156,0,0,0,1,0,1,-1.0,1.0,False,False
156,1,0,1,1,0,2,-1.0,1.0,False,False
156,2,0,2,1,0,3,-1.0,1.0,False,False
156,3,0,3,1,0,4,-1.0,1.0,False,False
156,4,0,4,2,1,4,-2.0,2.0,False,False
156,5,1,4,2,2,4,-3.0,3.0,False,False
156,6,2,4,2,3,4,-4.0,4.0,False,False
156,7,3,4,2,4,4,-5.0,5.0,True,False
157,0,0,0,1,0,1,-1.0,1.0,False,False
157,1,0,1,1,0,2,-1.0,1.0,False,False
157,2,0,2,1,0,3,-1.0,1.0,False,False
157,3,0,3,1,0,4,-1.0,1.0,False,False
157,4,0,4,2,1,4,-2.0,2.0,False,False
157,5,1,4,2,2,4,-3.0,3.0,False,False
157,6,2,4,2,3,4,-4.0,4.0,False,False
157,7,3,4,2,4,4,-5.0,5.0,True,False
158,0,0,0,1,0,1,-1.0,1.0,False,False
158,1,0,1,1,0,2,-1.0,1.0,False,False
158,2,0,2,1,0,3,-1.0,1.0,False,False
158,3,0,3,1,0,4,-1.0,1.0,False,False
158,4,0,4,2,1,4,-2.0,2.0,False,False
158,5,1,4,2,2,4,-3.0,3.0,False,False
158,6,2,4,2,3,4,-4.0,4.0,False,False
158,7,3,4,2,4,4,-5.0,5.0,True,False
159,0,0,0,1,0,1,-1.0,1.0,False,False
159,1,0,1,1,0,2,-1.0,1.0,False,False
159,2,0,2,1,0,3,-1.0,1.0,False,False
159,3,0,3,1,0,4,-1.0,1.0,False,False
159,4,0,4,2,1,4,-2.0,2.0,False,False
159,5,1,4,2,2,4,-3.0,3.0,False,False
159,6,2,4,2,3,4,-4.0,4.0,False,False
159,7,3,4,2,4,4,-5.0,5.0,True,False
160,0,0,0,1,0,1,-1.0,1.0,False,False
160,1,0,1,1,0,2,-1.0,1.0,False,False
160,2,0,2,1,0,3,-1.0,1.0,False,False
160,3,0,3,1,0,4,-1.0,1.0,False,False
160,4,0,4,2,1,4,-2.0,2.0,False,False
160,5,1,4,2,2,4,-3.0,3.0,False,False
160,6,2,4,2,3,4,-4.0,4.0,False,False
160,7,3,4,2,4,4,-5.0,5.0,True,False
161,0,0,0,1,0,1,-1.0,1.0,False,False
161,1,0,1,1,0,2,-1.0,1.0,False,False
161,2,0,2,1,0,3,-1.0,1.0,False,False
161,3,0,3,1,0,4,-1.0,1.0,False,False
161,4,0,4,2,1,4,-2.0,2.0,False,False
161,5,1,4,2,2,4,-3.0,3.0,False,False
161,6,2,4,2,3,4,-4.0,4.0,False,False
161,7,3,4,2,4,4,-5.0,5.0,True,False
162,0,0,0,1,0,1,-1.0,1.0,False,False
162,1,0,1,1,0,2,-1.0,1.0,False,False
162,2,0,2,1,0,3,-1.0,1.0,False,False
162,3,0,3,1,0,4,-1.0,1.0,False,False
162,4,0,4,2,1,4,-2.0,2.0,False,False
162,5,1,4,2,2,4,-3.0,3.0,False,False
162,6,2,4,2,3,4,-4.0,4.0,False,False
162,7,3,4,2,4,4,-5.0,5.0,True,False
163,0,0,0,1,0,1,-1.0,1.0,False,False
163,1,0,1,1,0,2,-1.0,1.0,False,False
163,2,0,2,1,0,3,-1.0,1.0,False,False
163,3,0,3,1,0,4,-1.0,1.0,False,False
163,4,0,4,2,1,4,-2.0,2.0,False,False
163,5,1,4,2,2,4,-3.0,3.0,False,False
163,6,2,4,2,3,4,-4.0,4.0,False,False
163,7,3,4,2,4,4,-5.0,5.0,True,False
164,0,0,0,1,0,1,-1.0,1.0,False,False
164,1,0,1,1,0,2,-1.0,1.0,False,False
164,2,0,2,1,0,3,-1.0,1.0,False,False
164,3,0,3,1,0,4,-1.0,1.0,False,False
164,4,0,4,2,1,4,-2.0,2.0,False,False
164,5,1,4,2,2,4,-3.0,3.0,False,False
164,6,2,4,2,3,4,-4.0,4.0,False,False
164,7,3,4,2,4,4,-5.0,5.0,True,False
165,0,0,0,1,0,1,-1.0,1.0,False,False
165,1,0,1,1,0,2,-1.0,1.0,False,False
165,2,0,2,1,0,3,-1.0,1.0,False,False
165,3,0,3,1,0,4,-1.0,1.0,False,False
165,4,0,4,2,1,4,-2.0,2.0,False,False
165,5,1,4,2,2,4,-3.0,3.0,False,False
165,6,2,4,2,3,4,-4.0,4.0,False,False
165,7,3,4,2,4,4,-5.0,5.0,True,False
166,0,0,0,1,0,1,-1.0,1.0,False,False
166,1,0,1,1,0,2,-1.0,1.0,False,False
166,2,0,2,1,0,3,-1.0,1.0,False,False
166,3,0,3,1,0,4,-1.0,1.0,False,False
166,4,0,4,2,1,4,-2.0,2.0,False,False
166,5,1,4,2,2,4,-3.0,3.0,False,False
166,6,2,4,2,3,4,-4.0,4.0,False,False
166,7,3,4,2,4,4,-5.0,5.0,True,False
167,0,0,0,1,0,1,-1.0,1.0,False,False
167,1,0,1,1,0,2,-1.0,1.0,False,False
167,2,0,2,1,0,3,-1.0,1.0,False,False
167,3,0,3,1,0,4,-1.0,1.0,False,False
167,4,0,4,2,1,4,-2.0,2.0,False,False
167,5,1,4,2,2,4,-3.0,3.0,False,False
167,6,2,4,2,3,4,-4.0,4.0,False,False
167,7,3,4,2,4,4,-5.0,5.0,True,False
168,0,0,0,1,0,1,-1.0,1.0,False,False
168,1,0,1,1,0,2,-1.0,1.0,False,False
168,2,0,2,1,0,3,-1.0,1.0,False,False
168,3,0,3,1,0,4,-1.0,1.0,False,False
168,4,0,4,2,1,4,-2.0,2.0,False,False
168,5,1,4,2,2,4,-3.0,3.0,False,False
168,6,2,4,2,3,4,-4.0,4.0,False,False
168,7,3,4,2,4,4,-5.0,5.0,True,False
169,0,0,0,1,0,1,-1.0,1.0,False,False
169,1,0,1,1,0,2,-1.0,1.0,False,False
169,2,0,2,1,0,3,-1.0,1.0,False,False
169,3,0,3,1,0,4,-1.0,1.0,False,False
169,4,0,4,2,1,4,-2.0,2.0,False,False
169,5,1,4,2,2,4,-3.0,3.0,False,False
169,6,2,4,2,3,4,-4.0,4.0,False,False
169,7,3,4,2,4,4,-5.0,5.0,True,False
170,0,0,0,1,0,1,-1.0,1.0,False,False
170,1,0,1,1,0,2,-1.0,1.0,False,False
170,2,0,2,1,0,3,-1.0,1.0,False,False
170,3,0,3,1,0,4,-1.0,1.0,False,False
170,4,0,4,2,1,4,-2.0,2.0,False,False
170,5,1,4,2,2,4,-3.0,3.0,False,False
170,6,2,4,2,3,4,-4.0,4.0,False,False
170,7,3,4,2,4,4,-5.0,5.0,True,False
171,0,0,0,1,0,1,-1.0,1.0,False,False
171,1,0,1,1,0,2,-1.0,1.0,False,False
171,2,0,2,1,0,3,-1.0,1.0,False,False
171,3,0,3,1,0,4,-1.0,1.0,False,False
171,4,0,4,2,1,4,-2.0,2.0,False,False
171,5,1,4,2,2,4,-3.0,3.0,False,False
171,6,2,4,2,3,4,-4.0,4.0,False,False
171,7,3,4,2,4,4,-5.0,5.0,True,False
172,0,0,0,1,0,1,-1.0,1.0,False,False
172,1,0,1,1,0,2,-1.0,1.0,False,False
172,2,0,2,1,0,3,-1.0,1.0,False,False
172,3,0,3,1,0,4,-1.0,1.0,False,False
172,4,0,4,2,1,4,-2.0,2.0,False,False
172,5,1,4,2,2,4,-3.0,3.0,False,False
172,6,2,4,2,3,4,-4.0,4.0,False,False
172,7,3,4,2,4,4,-5.0,5.0,True,False
173,0,0,0,1,0,1,-1.0,1.0,False,False
173,1,0,1,1,0,2,-1.0,1.0,False,False
173,2,0,2,1,0,3,-1.0,1.0,False,False
173,3,0,3,1,0,4,-1.0,1.0,False,False
173,4,0,4,2,1,4,-2.0,2.0,False,False
173,5,1,4,2,2,4,-3.0,3.0,False,False
173,6,2,4,2,3,4,-4.0,4.0,False,False
173,7,3,4,2,4,4,-5.0,5.0,True,False
174,0,0,0,1,0,1,-1.0,1.0,False,False
174,1,0,1,1,0,2,-1.0,1.0,False,False
174,2,0,2,1,0,3,-1.0,1.0,False,False
174,3,0,3,1,0,4,-1.0,1.0,False,False
174,4,0,4,2,1,4,-2.0,2.0,False,False
174,5,1,4,2,2,4,-3.0,3.0,False,False
174,6,2,4,2,3,4,-4.0,4.0,False,False
174,7,3,4,2,4,4,-5.0,5.0,True,False
175,0,0,0,1,0,1,-1.0,1.0,False,False
175,1,0,1,1,0,2,-1.0,1.0,False,False
175,2,0,2,1,0,3,-1.0,1.0,False,False
175,3,0,3,1,0,4,-1.0,1.0,False,False
175,4,0,4,2,1,4,-2.0,2.0,False,False
175,5,1,4,2,2,4,-3.0,3.0,False,False
175,6,2,4,2,3,4,-4.0,4.0,False,False
175,7,3,4,2,4,4,-5.0,5.0,True,False
176,0,0,0,1,0,1,-1.0,1.0,False,False
176,1,0,1,1,0,2,-1.0,1.0,False,False
176,2,0,2,1,0,3,-1.0,1.0,False,False
176,3,0,3,1,0,4,-1.0,1.0,False,False
176,4,0,4,2,1,4,-2.0,2.0,False,False
176,5,1,4,2,2,4,-3.0,3.0,False,False
176,6,2,4,2,3,4,-4.0,4.0,False,False
176,7,3,4,2,4,4,-5.0,5.0,True,False
177,0,0,0,1,0,1,-1.0,1.0,False,False
177,1,0,1,1,0,2,-1.0,1.0,False,False
177,2,0,2,1,0,3,-1.0,1.0,False,False
177,3,0,3,1,0,4,-1.0,1.0,False,False
177,4,0,4,2,1,4,-2.0,2.0,False,False
177,5,1,4,2,2,4,-3.0,3.0,False,False
177,6,2,4,2,3,4,-4.0,4.0,False,False
177,7,3,4,2,4,4,-5.0,5.0,True,False
178,0,0,0,1,0,1,-1.0,1.0,False,False
178,1,0,1,1,0,2,-1.0,1.0,False,False
178,2,0,2,1,0,3,-1.0,1.0,False,False
178,3,0,3,1,0,4,-1.0,1.0,False,False
178,4,0,4,2,1,4,-2.0,2.0,False,False
178,5,1,4,2,2,4,-3.0,3.0,False,False
178,6,2,4,2,3,4,-4.0,4.0,False,False
178,7,3,4,2,4,4,-5.0,5.0,True,False
179,0,0,0,1,0,1,-1.0,1.0,False,False
179,1,0,1,1,0,2,-1.0,1.0,False,False
179,2,0,2,1,0,3,-1.0,1.0,False,False
179,3,0,3,1,0,4,-1.0,1.0,False,False
179,4,0,4,2,1,4,-2.0,2.0,False,False
179,5,1,4,2,2,4,-3.0,3.0,False,False
179,6,2,4,2,3,4,-4.0,4.0,False,False
179,7,3,4,2,4,4,-5.0,5.0,True,False
180,0,0,0,1,0,1,-1.0,1.0,False,False
180,1,0,1,1,0,2,-1.0,1.0,False,False
180,2,0,2,1,0,3,-1.0,1.0,False,False
180,3,0,3,1,0,4,-1.0,1.0,False,False
180,4,0,4,2,1,4,-2.0,2.0,False,False
180,5,1,4,2,2,4,-3.0,3.0,False,False
180,6,2,4,2,3,4,-4.0,4.0,False,False
180,7,3,4,2,4,4,-5.0,5.0,True,False
181,0,0,0,1,0,1,-1.0,1.0,False,False
181,1,0,1,1,0,2,-1.0,1.0,False,False
181,2,0,2,1,0,3,-1.0,1.0,False,False
181,3,0,3,1,0,4,-1.0,1.0,False,False
181,4,0,4,2,1,4,-2.0,2.0,False,False
181,5,1,4,2,2,4,-3.0,3.0,False,False
181,6,2,4,2,3,4,-4.0,4.0,False,False
181,7,3,4,2,4,4,-5.0,5.0,True,False
182,0,0,0,1,0,1,-1.0,1.0,False,False
182,1,0,1,1,0,2,-1.0,1.0,False,False
182,2,0,2,1,0,3,-1.0,1.0,False,False
182,3,0,3,1,0,4,-1.0,1.0,False,False
182,4,0,4,2,1,4,-2.0,2.0,False,False
182,5,1,4,2,2,4,-3.0,3.0,False,False
182,6,2,4,2,3,4,-4.0,4.0,False,False
182,7,3,4,2,4,4,-5.0,5.0,True,False
183,0,0,0,1,0,1,-1.0,1.0,False,False
183,1,0,1,1,0,2,-1.0,1.0,False,False
183,2,0,2,1,0,3,-1.0,1.0,False,False
183,3,0,3,1,0,4,-1.0,1.0,False,False
183,4,0,4,2,1,4,-2.0,2.0,False,False
183,5,1,4,2,2,4,-3.0,3.0,False,False
183,6,2,4,2,3,4,-4.0,4.0,False,False
183,7,3,4,2,4,4,-5.0,5.0,True,False
184,0,0,0,1,0,1,-1.0,1.0,False,False
184,1,0,1,1,0,2,-1.0,1.0,False,False
184,2,0,2,1,0,3,-1.0,1.0,False,False
184,3,0,3,1,0,4,-1.0,1.0,False,False
184,4,0,4,2,1,4,-2.0,2.0,False,False
184,5,1,4,2,2,4,-3.0,3.0,False,False
184,6,2,4,2,3,4,-4.0,4.0,False,False
184,7,3,4,2,4,4,-5.0,5.0,True,False
185,0,0,0,1,0,1,-1.0,1.0,False,False
185,1,0,1,1,0,2,-1.0,1.0,False,False
185,2,0,2,1,0,3,-1.0,1.0,False,False
185,3,0,3,1,0,4,-1.0,1.0,False,False
185,4,0,4,2,1,4,-2.0,2.0,False,False
185,5,1,4,2,2,4,-3.0,3.0,False,False
185,6,2,4,2,3,4,-4.0,4.0,False,False
185,7,3,4,2,4,4,-5.0,5.0,True,False
186,0,0,0,1,0,1,-1.0,1.0,False,False
186,1,0,1,1,0,2,-1.0,1.0,False,False
186,2,0,2,1,0,3,-1.0,1.0,False,False
186,3,0,3,1,0,4,-1.0,1.0,False,False
186,4,0,4,2,1,4,-2.0,2.0,False,False
186,5,1,4,2,2,4,-3.0,3.0,False,False
186,6,2,4,2,3,4,-4.0,4.0,False,False
186,7,3,4,2,4,4,-5.0,5.0,True,False
187,0,0,0,1,0,1,-1.0,1.0,False,False
187,1,0,1,1,0,2,-1.0,1.0,False,False
187,2,0,2,1,0,3,-1.0,1.0,False,False
187,3,0,3,1,0,4,-1.0,1.0,False,False
187,4,0,4,2,1,4,-2.0,2.0,False,False
187,5,1,4,2,2,4,-3.0,3.0,False,False
187,6,2,4,2,3,4,-4.0,4.0,False,False
187,7,3,4,2,4,4,-5.0,5.0,True,False
188,0,0,0,1,0,1,-1.0,1.0,False,False
188,1,0,1,1,0,2,-1.0,1.0,False,False
188,2,0,2,1,0,3,-1.0,1.0,False,False
188,3,0,3,1,0,4,-1.0,1.0,False,False
188,4,0,4,2,1,4,-2.0,2.0,False,False
188,5,1,4,2,2,4,-3.0,3.0,False,False
188,6,2,4,2,3,4,-4.0,4.0,False,False
188,7,3,4,2,4,4,-5.0,5.0,True,False
189,0,0,0,1,0,1,-1.0,1.0,False,False
189,1,0,1,1,0,2,-1.0,1.0,False,False
189,2,0,2,1,0,3,-1.0,1.0,False,False
189,3,0,3,1,0,4,-1.0,1.0,False,False
189,4,0,4,2,1,4,-2.0,2.0,False,False
189,5,1,4,2,2,4,-3.0,3.0,False,False
189,6,2,4,2,3,4,-4.0,4.0,False,False
189,7,3,4,2,4,4,-5.0,5.0,True,False
190,0,0,0,1,0,1,-1.0,1.0,False,False
190,1,0,1,1,0,2,-1.0,1.0,False,False
190,2,0,2,1,0,3,-1.0,1.0,False,False
190,3,0,3,1,0,4,-1.0,1.0,False,False
190,4,0,4,2,1,4,-2.0,2.0,False,False
190,5,1,4,2,2,4,-3.0,3.0,False,False
190,6,2,4,2,3,4,-4.0,4.0,False,False
190,7,3,4,2,4,4,-5.0,5.0,True,False
191,0,0,0,1,0,1,-1.0,1.0,False,False
191,1,0,1,1,0,2,-1.0,1.0,False,False
191,2,0,2,1,0,3,-1.0,1.0,False,False
191,3,0,3,1,0,4,-1.0,1.0,False,False
191,4,0,4,2,1,4,-2.0,2.0,False,False
191,5,1,4,2,2,4,-3.0,3.0,False,False
191,6,2,4,2,3,4,-4.0,4.0,False,False
191,7,3,4,2,4,4,-5.0,5.0,True,False
192,0,0,0,1,0,1,-1.0,1.0,False,False
192,1,0,1,1,0,2,-1.0,1.0,False,False
192,2,0,2,1,0,3,-1.0,1.0,False,False
192,3,0,3,1,0,4,-1.0,1.0,False,False
192,4,0,4,2,1,4,-2.0,2.0,False,False
192,5,1,4,2,2,4,-3.0,3.0,False,False
192,6,2,4,2,3,4,-4.0,4.0,False,False
192,7,3,4,2,4,4,-5.0,5.0,True,False
193,0,0,0,1,0,1,-1.0,1.0,False,False
193,1,0,1,1,0,2,-1.0,1.0,False,False
193,2,0,2,1,0,3,-1.0,1.0,False,False
193,3,0,3,1,0,4,-1.0,1.0,False,False
193,4,0,4,2,1,4,-2.0,2.0,False,False
193,5,1,4,2,2,4,-3.0,3.0,False,False
193,6,2,4,2,3,4,-4.0,4.0,False,False
193,7,3,4,2,4,4,-5.0,5.0,True,False
194,0,0,0,1,0,1,-1.0,1.0,False,False
194,1,0,1,1,0,2,-1.0,1.0,False,False
194,2,0,2,1,0,3,-1.0,1.0,False,False
194,3,0,3,1,0,4,-1.0,1.0,False,False
194,4,0,4,2,1,4,-2.0,2.0,False,False
194,5,1,4,2,2,4,-3.0,3.0,False,False
194,6,2,4,2,3,4,-4.0,4.0,False,False
194,7,3,4,2,4,4,-5.0,5.0,True,False
195,0,0,0,1,0,1,-1.0,1.0,False,False
195,1,0,1,1,0,2,-1.0,1.0,False,False
195,2,0,2,1,0,3,-1.0,1.0,False,False
195,3,0,3,1,0,4,-1.0,1.0,False,False
195,4,0,4,2,1,4,-2.0,2.0,False,False
195,5,1,4,2,2,4,-3.0,3.0,False,False
195,6,2,4,2,3,4,-4.0,4.0,False,False
195,7,3,4,2,4,4,-5.0,5.0,True,False
196,0,0,0,1,0,1,-1.0,1.0,False,False
196,1,0,1,1,0,2,-1.0,1.0,False,False
196,2,0,2,1,0,3,-1.0,1.0,False,False
196,3,0,3,1,0,4,-1.0,1.0,False,False
196,4,0,4,2,1,4,-2.0,2.0,False,False
196,5,1,4,2,2,4,-3.0,3.0,False,False
196,6,2,4,2,3,4,-4.0,4.0,False,False
196,7,3,4,2,4,4,-5.0,5.0,True,False
197,0,0,0,1,0,1,-1.0,1.0,False,False
197,1,0,1,1,0,2,-1.0,1.0,False,False
197,2,0,2,1,0,3,-1.0,1.0,False,False
197,3,0,3,1,0,4,-1.0,1.0,False,False
197,4,0,4,2,1,4,-2.0,2.0,False,False
197,5,1,4,2,2,4,-3.0,3.0,False,False
197,6,2,4,2,3,4,-4.0,4.0,False,False
197,7,3,4,2,4,4,-5.0,5.0,True,False
198,0,0,0,1,0,1,-1.0,1.0,False,False
198,1,0,1,1,0,2,-1.0,1.0,False,False
198,2,0,2,1,0,3,-1.0,1.0,False,False
198,3,0,3,1,0,4,-1.0,1.0,False,False
198,4,0,4,2,1,4,-2.0,2.0,False,False
198,5,1,4,2,2,4,-3.0,3.0,False,False
198,6,2,4,2,3,4,-4.0,4.0,False,False
198,7,3,4,2,4,4,-5.0,5.0,True,False
199,0,0,0,1,0,1,-1.0,1.0,False,False
199,1,0,1,1,0,2,-1.0,1.0,False,False
199,2,0,2,1,0,3,-1.0,1.0,False,False
199,3,0,3,1,0,4,-1.0,1.0,False,False
199,4,0,4,2,1,4,-2.0,2.0,False,False
199,5,1,4,2,2,4,-3.0,3.0,False,False
199,6,2,4,2,3,4,-4.0,4.0,False,False
199,7,3,4,2,4,4,-5.0,5.0,True,False
